,Model,Level,EC,F1 score
0,BLASTp,1,1.1.1,0.9710827168796236
1,BLASTp,1,1.1.2,0.8333333333333334
2,BLASTp,1,1.1.3,0.9048625792811839
3,BLASTp,1,1.1.5,0.9415584415584416
4,BLASTp,1,1.1.9,0.782608695652174
5,BLASTp,1,1.1.98,0.8260869565217391
6,BLASTp,1,1.1.99,0.8558758314855875
7,BLASTp,1,1.10.3,0.980544747081712
8,BLASTp,1,1.11.1,0.9360269360269361
9,BLASTp,1,1.11.2,0.967741935483871
10,BLASTp,1,1.12.1,0.8985507246376813
11,BLASTp,1,1.12.2,0.8387096774193549
12,BLASTp,1,1.12.5,0.9032258064516129
13,BLASTp,1,1.12.7,0.7200000000000001
14,BLASTp,1,1.12.98,0.8867924528301887
15,BLASTp,1,1.12.99,0.8571428571428572
16,BLASTp,1,1.13.11,0.9729299363057324
17,BLASTp,1,1.13.12,0.864406779661017
18,BLASTp,1,1.13.99,1.0
19,BLASTp,1,1.14.11,0.9558160504959423
20,BLASTp,1,1.14.12,0.9255319148936171
21,BLASTp,1,1.14.13,0.9324894514767931
22,BLASTp,1,1.14.14,0.8774703557312253
23,BLASTp,1,1.14.15,0.9221052631578947
24,BLASTp,1,1.14.16,0.955223880597015
25,BLASTp,1,1.14.17,0.9843749999999999
26,BLASTp,1,1.14.18,0.9212121212121213
27,BLASTp,1,1.14.19,0.9558823529411765
28,BLASTp,1,1.14.20,0.7
29,BLASTp,1,1.14.99,0.9113924050632911
30,BLASTp,1,1.15.1,0.9677419354838709
31,BLASTp,1,1.16.1,0.9752066115702478
32,BLASTp,1,1.16.3,0.9724770642201834
33,BLASTp,1,1.17.1,0.8186046511627906
34,BLASTp,1,1.17.2,0.6875
35,BLASTp,1,1.17.4,0.9285714285714285
36,BLASTp,1,1.17.5,0.8095238095238095
37,BLASTp,1,1.17.7,1.0
38,BLASTp,1,1.17.99,1.0
39,BLASTp,1,1.18.1,0.9411764705882354
40,BLASTp,1,1.18.6,0.975609756097561
41,BLASTp,1,1.2.1,0.9776119402985074
42,BLASTp,1,1.2.3,0.8571428571428571
43,BLASTp,1,1.2.4,0.9696969696969697
44,BLASTp,1,1.2.5,0.6950354609929078
45,BLASTp,1,1.2.7,0.9147727272727273
46,BLASTp,1,1.2.98,0.8260869565217392
47,BLASTp,1,1.2.99,0.7407407407407408
48,BLASTp,1,1.20.4,0.9411764705882353
49,BLASTp,1,1.20.9,0.9032258064516129
50,BLASTp,1,1.21.1,1.0
51,BLASTp,1,1.21.4,1.0
52,BLASTp,1,1.21.98,0.991869918699187
53,BLASTp,1,1.3.1,0.9150326797385621
54,BLASTp,1,1.3.3,0.9693251533742331
55,BLASTp,1,1.3.5,0.9518987341772153
56,BLASTp,1,1.3.7,0.9847715736040609
57,BLASTp,1,1.3.8,0.8277945619335347
58,BLASTp,1,1.3.98,0.9115646258503401
59,BLASTp,1,1.3.99,0.8109339407744875
60,BLASTp,1,1.4.1,0.956989247311828
61,BLASTp,1,1.4.3,0.9467455621301775
62,BLASTp,1,1.4.4,1.0
63,BLASTp,1,1.4.7,0.7906976744186046
64,BLASTp,1,1.4.9,0.983050847457627
65,BLASTp,1,1.4.99,0.9016393442622951
66,BLASTp,1,1.5.1,0.9613733905579399
67,BLASTp,1,1.5.3,0.7647058823529412
68,BLASTp,1,1.5.5,1.0
69,BLASTp,1,1.5.8,0.7603305785123967
70,BLASTp,1,1.5.98,0.9577464788732395
71,BLASTp,1,1.5.99,0.851063829787234
72,BLASTp,1,1.6.1,0.8823529411764706
73,BLASTp,1,1.6.2,0.9649122807017544
74,BLASTp,1,1.6.3,0.9411764705882353
75,BLASTp,1,1.6.5,0.9142857142857144
76,BLASTp,1,1.6.99,0.9
77,BLASTp,1,1.7.1,0.9557109557109558
78,BLASTp,1,1.7.2,0.9574468085106385
79,BLASTp,1,1.7.3,1.0
80,BLASTp,1,1.7.5,0.888888888888889
81,BLASTp,1,1.7.7,0.8163265306122449
82,BLASTp,1,1.7.99,1.0
83,BLASTp,1,1.8.1,0.9467213114754098
84,BLASTp,1,1.8.2,0.8785046728971964
85,BLASTp,1,1.8.3,0.9701492537313433
86,BLASTp,1,1.8.4,0.9834515366430261
87,BLASTp,1,1.8.5,0.8730964467005077
88,BLASTp,1,1.8.7,0.9249999999999999
89,BLASTp,1,1.8.98,0.9245283018867925
90,BLASTp,1,1.8.99,0.9591836734693877
91,BLASTp,1,1.9.6,1.0
92,BLASTp,1,1.97.1,0.9491525423728815
93,DNN ESM1b,1,1.1.1,0.9663435648896069
94,DNN ESM1b,1,1.1.2,0.7954545454545455
95,DNN ESM1b,1,1.1.3,0.8898488120950324
96,DNN ESM1b,1,1.1.5,0.9194630872483222
97,DNN ESM1b,1,1.1.9,0.7499999999999999
98,DNN ESM1b,1,1.1.98,0.8222222222222222
99,DNN ESM1b,1,1.1.99,0.8518518518518519
100,DNN ESM1b,1,1.10.3,0.9603174603174602
101,DNN ESM1b,1,1.11.1,0.9351535836177475
102,DNN ESM1b,1,1.11.2,0.905982905982906
103,DNN ESM1b,1,1.12.1,0.8358208955223881
104,DNN ESM1b,1,1.12.2,0.7586206896551724
105,DNN ESM1b,1,1.12.5,0.7586206896551724
106,DNN ESM1b,1,1.12.7,0.7692307692307692
107,DNN ESM1b,1,1.12.98,0.836734693877551
108,DNN ESM1b,1,1.12.99,0.7142857142857143
109,DNN ESM1b,1,1.13.11,0.9728867623604466
110,DNN ESM1b,1,1.13.12,0.8479262672811061
111,DNN ESM1b,1,1.13.99,0.896551724137931
112,DNN ESM1b,1,1.14.11,0.9544235924932977
113,DNN ESM1b,1,1.14.12,0.9239130434782609
114,DNN ESM1b,1,1.14.13,0.9256900212314224
115,DNN ESM1b,1,1.14.14,0.8645937813440321
116,DNN ESM1b,1,1.14.15,0.9102564102564102
117,DNN ESM1b,1,1.14.16,0.9763779527559054
118,DNN ESM1b,1,1.14.17,0.9672131147540983
119,DNN ESM1b,1,1.14.18,0.8789808917197452
120,DNN ESM1b,1,1.14.19,0.9283950617283949
121,DNN ESM1b,1,1.14.20,0.5294117647058824
122,DNN ESM1b,1,1.14.99,0.8970976253298154
123,DNN ESM1b,1,1.15.1,0.975609756097561
124,DNN ESM1b,1,1.16.1,0.9421487603305784
125,DNN ESM1b,1,1.16.3,0.962962962962963
126,DNN ESM1b,1,1.17.1,0.8374384236453202
127,DNN ESM1b,1,1.17.2,0.7999999999999999
128,DNN ESM1b,1,1.17.4,0.9174311926605504
129,DNN ESM1b,1,1.17.5,0.7555555555555555
130,DNN ESM1b,1,1.17.7,1.0
131,DNN ESM1b,1,1.17.99,1.0
132,DNN ESM1b,1,1.18.1,0.9172932330827068
133,DNN ESM1b,1,1.18.6,0.9367088607594937
134,DNN ESM1b,1,1.2.1,0.980441115272576
135,DNN ESM1b,1,1.2.3,0.9285714285714286
136,DNN ESM1b,1,1.2.4,0.9818181818181818
137,DNN ESM1b,1,1.2.5,0.7301587301587301
138,DNN ESM1b,1,1.2.7,0.9391304347826087
139,DNN ESM1b,1,1.2.98,0.7906976744186047
140,DNN ESM1b,1,1.2.99,0.7272727272727273
141,DNN ESM1b,1,1.20.4,0.9557522123893806
142,DNN ESM1b,1,1.20.9,0.9142857142857143
143,DNN ESM1b,1,1.21.1,0.9090909090909091
144,DNN ESM1b,1,1.21.4,0.9583333333333333
145,DNN ESM1b,1,1.21.98,0.9836065573770492
146,DNN ESM1b,1,1.3.1,0.9264787175234938
147,DNN ESM1b,1,1.3.3,0.9480122324159022
148,DNN ESM1b,1,1.3.5,0.9536082474226806
149,DNN ESM1b,1,1.3.7,0.9408740359897172
150,DNN ESM1b,1,1.3.8,0.8206686930091186
151,DNN ESM1b,1,1.3.98,0.9103448275862069
152,DNN ESM1b,1,1.3.99,0.8163265306122449
153,DNN ESM1b,1,1.4.1,0.9511754068716094
154,DNN ESM1b,1,1.4.3,0.9388560157790927
155,DNN ESM1b,1,1.4.4,1.0
156,DNN ESM1b,1,1.4.7,0.6842105263157895
157,DNN ESM1b,1,1.4.9,0.983050847457627
158,DNN ESM1b,1,1.4.99,0.8870967741935484
159,DNN ESM1b,1,1.5.1,0.9562231759656653
160,DNN ESM1b,1,1.5.3,0.8074534161490683
161,DNN ESM1b,1,1.5.5,0.98989898989899
162,DNN ESM1b,1,1.5.8,0.8031496062992125
163,DNN ESM1b,1,1.5.98,0.9411764705882354
164,DNN ESM1b,1,1.5.99,0.7692307692307692
165,DNN ESM1b,1,1.6.1,0.9333333333333333
166,DNN ESM1b,1,1.6.2,0.9734513274336283
167,DNN ESM1b,1,1.6.3,0.9306930693069307
168,DNN ESM1b,1,1.6.5,0.8992805755395684
169,DNN ESM1b,1,1.6.99,0.8
170,DNN ESM1b,1,1.7.1,0.9689737470167064
171,DNN ESM1b,1,1.7.2,0.9398907103825136
172,DNN ESM1b,1,1.7.3,0.9696969696969697
173,DNN ESM1b,1,1.7.5,0.8
174,DNN ESM1b,1,1.7.7,0.8163265306122449
175,DNN ESM1b,1,1.7.99,1.0
176,DNN ESM1b,1,1.8.1,0.9327731092436974
177,DNN ESM1b,1,1.8.2,0.8490566037735849
178,DNN ESM1b,1,1.8.3,0.9852941176470589
179,DNN ESM1b,1,1.8.4,0.9811320754716982
180,DNN ESM1b,1,1.8.5,0.8712871287128714
181,DNN ESM1b,1,1.8.7,0.9113924050632912
182,DNN ESM1b,1,1.8.98,0.9333333333333333
183,DNN ESM1b,1,1.8.99,0.9183673469387755
184,DNN ESM1b,1,1.9.6,1.0
185,DNN ESM1b,1,1.97.1,0.9666666666666667
186,DNN ESM2 3B,1,1.1.1,0.9696399785061796
187,DNN ESM2 3B,1,1.1.2,0.7861271676300579
188,DNN ESM2 3B,1,1.1.3,0.8921161825726142
189,DNN ESM2 3B,1,1.1.5,0.9010238907849829
190,DNN ESM2 3B,1,1.1.9,0.8163265306122449
191,DNN ESM2 3B,1,1.1.98,0.8444444444444444
192,DNN ESM2 3B,1,1.1.99,0.8445475638051045
193,DNN ESM2 3B,1,1.10.3,0.9523809523809523
194,DNN ESM2 3B,1,1.11.1,0.9316628701594534
195,DNN ESM2 3B,1,1.11.2,0.9421487603305784
196,DNN ESM2 3B,1,1.12.1,0.875
197,DNN ESM2 3B,1,1.12.2,0.8275862068965518
198,DNN ESM2 3B,1,1.12.5,0.896551724137931
199,DNN ESM2 3B,1,1.12.7,0.7200000000000001
200,DNN ESM2 3B,1,1.12.98,0.8599999999999999
201,DNN ESM2 3B,1,1.12.99,0.8444444444444444
202,DNN ESM2 3B,1,1.13.11,0.9770023790642347
203,DNN ESM2 3B,1,1.13.12,0.875
204,DNN ESM2 3B,1,1.13.99,0.9333333333333333
205,DNN ESM2 3B,1,1.14.11,0.9517857142857141
206,DNN ESM2 3B,1,1.14.12,0.923076923076923
207,DNN ESM2 3B,1,1.14.13,0.9319148936170213
208,DNN ESM2 3B,1,1.14.14,0.8737864077669903
209,DNN ESM2 3B,1,1.14.15,0.9075630252100841
210,DNN ESM2 3B,1,1.14.16,0.9763779527559054
211,DNN ESM2 3B,1,1.14.17,0.9677419354838709
212,DNN ESM2 3B,1,1.14.18,0.9044585987261146
213,DNN ESM2 3B,1,1.14.19,0.9455445544554456
214,DNN ESM2 3B,1,1.14.20,0.7058823529411764
215,DNN ESM2 3B,1,1.14.99,0.9067357512953368
216,DNN ESM2 3B,1,1.15.1,0.9593495934959351
217,DNN ESM2 3B,1,1.16.1,0.9579831932773109
218,DNN ESM2 3B,1,1.16.3,0.962962962962963
219,DNN ESM2 3B,1,1.17.1,0.859903381642512
220,DNN ESM2 3B,1,1.17.2,0.8125
221,DNN ESM2 3B,1,1.17.4,0.9285714285714285
222,DNN ESM2 3B,1,1.17.5,0.7555555555555555
223,DNN ESM2 3B,1,1.17.7,1.0
224,DNN ESM2 3B,1,1.17.99,1.0
225,DNN ESM2 3B,1,1.18.1,0.9343065693430657
226,DNN ESM2 3B,1,1.18.6,0.9500000000000001
227,DNN ESM2 3B,1,1.2.1,0.9758935993349958
228,DNN ESM2 3B,1,1.2.3,0.9176470588235294
229,DNN ESM2 3B,1,1.2.4,0.9818181818181818
230,DNN ESM2 3B,1,1.2.5,0.7424242424242424
231,DNN ESM2 3B,1,1.2.7,0.9411764705882352
232,DNN ESM2 3B,1,1.2.98,0.8181818181818181
233,DNN ESM2 3B,1,1.2.99,0.7599999999999999
234,DNN ESM2 3B,1,1.20.4,0.9655172413793103
235,DNN ESM2 3B,1,1.20.9,0.9444444444444444
236,DNN ESM2 3B,1,1.21.1,0.9090909090909091
237,DNN ESM2 3B,1,1.21.4,0.9591836734693877
238,DNN ESM2 3B,1,1.21.98,1.0
239,DNN ESM2 3B,1,1.3.1,0.9252905368013281
240,DNN ESM2 3B,1,1.3.3,0.9309309309309309
241,DNN ESM2 3B,1,1.3.5,0.9591836734693878
242,DNN ESM2 3B,1,1.3.7,0.9797979797979798
243,DNN ESM2 3B,1,1.3.8,0.8495575221238938
244,DNN ESM2 3B,1,1.3.98,0.8936170212765957
245,DNN ESM2 3B,1,1.3.99,0.8285077951002228
246,DNN ESM2 3B,1,1.4.1,0.9484902309058614
247,DNN ESM2 3B,1,1.4.3,0.9351669941060904
248,DNN ESM2 3B,1,1.4.4,1.0
249,DNN ESM2 3B,1,1.4.7,0.7804878048780488
250,DNN ESM2 3B,1,1.4.9,0.983050847457627
251,DNN ESM2 3B,1,1.4.99,0.9291338582677167
252,DNN ESM2 3B,1,1.5.1,0.955249569707401
253,DNN ESM2 3B,1,1.5.3,0.8192771084337349
254,DNN ESM2 3B,1,1.5.5,0.98989898989899
255,DNN ESM2 3B,1,1.5.8,0.8217054263565892
256,DNN ESM2 3B,1,1.5.98,0.9855072463768115
257,DNN ESM2 3B,1,1.5.99,0.8387096774193549
258,DNN ESM2 3B,1,1.6.1,0.9333333333333333
259,DNN ESM2 3B,1,1.6.2,0.9734513274336283
260,DNN ESM2 3B,1,1.6.3,0.9183673469387754
261,DNN ESM2 3B,1,1.6.5,0.9057971014492753
262,DNN ESM2 3B,1,1.6.99,0.8717948717948718
263,DNN ESM2 3B,1,1.7.1,0.9548693586698337
264,DNN ESM2 3B,1,1.7.2,0.9392265193370166
265,DNN ESM2 3B,1,1.7.3,0.9696969696969697
266,DNN ESM2 3B,1,1.7.5,0.846153846153846
267,DNN ESM2 3B,1,1.7.7,0.888888888888889
268,DNN ESM2 3B,1,1.7.99,1.0
269,DNN ESM2 3B,1,1.8.1,0.9416666666666668
270,DNN ESM2 3B,1,1.8.2,0.9056603773584906
271,DNN ESM2 3B,1,1.8.3,0.9852941176470589
272,DNN ESM2 3B,1,1.8.4,0.9811320754716982
273,DNN ESM2 3B,1,1.8.5,0.8725490196078431
274,DNN ESM2 3B,1,1.8.7,0.9113924050632912
275,DNN ESM2 3B,1,1.8.98,0.9622641509433962
276,DNN ESM2 3B,1,1.8.99,0.9473684210526316
277,DNN ESM2 3B,1,1.9.6,1.0
278,DNN ESM2 3B,1,1.97.1,0.9666666666666667
279,DNN ProtBERT,1,1.1.1,0.9582823753227341
280,DNN ProtBERT,1,1.1.2,0.8235294117647058
281,DNN ProtBERT,1,1.1.3,0.896694214876033
282,DNN ProtBERT,1,1.1.5,0.8469750889679716
283,DNN ProtBERT,1,1.1.9,0.76
284,DNN ProtBERT,1,1.1.98,0.8045977011494253
285,DNN ProtBERT,1,1.1.99,0.8329519450800916
286,DNN ProtBERT,1,1.10.3,0.9397590361445783
287,DNN ProtBERT,1,1.11.1,0.9209621993127148
288,DNN ProtBERT,1,1.11.2,0.9333333333333333
289,DNN ProtBERT,1,1.12.1,0.7741935483870968
290,DNN ProtBERT,1,1.12.2,0.8000000000000002
291,DNN ProtBERT,1,1.12.5,0.8571428571428571
292,DNN ProtBERT,1,1.12.7,0.8148148148148148
293,DNN ProtBERT,1,1.12.98,0.8627450980392156
294,DNN ProtBERT,1,1.12.99,0.8260869565217391
295,DNN ProtBERT,1,1.13.11,0.9751801441152922
296,DNN ProtBERT,1,1.13.12,0.8868778280542986
297,DNN ProtBERT,1,1.13.99,0.896551724137931
298,DNN ProtBERT,1,1.14.11,0.9392565729827742
299,DNN ProtBERT,1,1.14.12,0.9152542372881356
300,DNN ProtBERT,1,1.14.13,0.9163120567375886
301,DNN ProtBERT,1,1.14.14,0.8521057786483839
302,DNN ProtBERT,1,1.14.15,0.9071729957805907
303,DNN ProtBERT,1,1.14.16,0.976
304,DNN ProtBERT,1,1.14.17,0.9677419354838709
305,DNN ProtBERT,1,1.14.18,0.858974358974359
306,DNN ProtBERT,1,1.14.19,0.934010152284264
307,DNN ProtBERT,1,1.14.20,0.6857142857142857
308,DNN ProtBERT,1,1.14.99,0.8806366047745359
309,DNN ProtBERT,1,1.15.1,0.9593495934959351
310,DNN ProtBERT,1,1.16.1,0.9482758620689655
311,DNN ProtBERT,1,1.16.3,0.962962962962963
312,DNN ProtBERT,1,1.17.1,0.8181818181818182
313,DNN ProtBERT,1,1.17.2,0.7999999999999999
314,DNN ProtBERT,1,1.17.4,0.9056603773584905
315,DNN ProtBERT,1,1.17.5,0.7272727272727273
316,DNN ProtBERT,1,1.17.7,1.0
317,DNN ProtBERT,1,1.17.99,1.0
318,DNN ProtBERT,1,1.18.1,0.9416058394160584
319,DNN ProtBERT,1,1.18.6,0.9500000000000001
320,DNN ProtBERT,1,1.2.1,0.9690376569037656
321,DNN ProtBERT,1,1.2.3,0.9069767441860465
322,DNN ProtBERT,1,1.2.4,0.9570552147239264
323,DNN ProtBERT,1,1.2.5,0.7313432835820896
324,DNN ProtBERT,1,1.2.7,0.9275362318840579
325,DNN ProtBERT,1,1.2.98,0.744186046511628
326,DNN ProtBERT,1,1.2.99,0.7599999999999999
327,DNN ProtBERT,1,1.20.4,0.9298245614035089
328,DNN ProtBERT,1,1.20.9,0.9444444444444444
329,DNN ProtBERT,1,1.21.1,0.9032258064516129
330,DNN ProtBERT,1,1.21.4,0.9896907216494846
331,DNN ProtBERT,1,1.21.98,0.9836065573770492
332,DNN ProtBERT,1,1.3.1,0.9113082039911308
333,DNN ProtBERT,1,1.3.3,0.9272727272727272
334,DNN ProtBERT,1,1.3.5,0.9430051813471502
335,DNN ProtBERT,1,1.3.7,0.9536082474226804
336,DNN ProtBERT,1,1.3.8,0.8373493975903615
337,DNN ProtBERT,1,1.3.98,0.9041095890410958
338,DNN ProtBERT,1,1.3.99,0.8127853881278538
339,DNN ProtBERT,1,1.4.1,0.9405405405405406
340,DNN ProtBERT,1,1.4.3,0.9378757515030061
341,DNN ProtBERT,1,1.4.4,1.0
342,DNN ProtBERT,1,1.4.7,0.7317073170731706
343,DNN ProtBERT,1,1.4.9,0.9655172413793104
344,DNN ProtBERT,1,1.4.99,0.9016393442622951
345,DNN ProtBERT,1,1.5.1,0.9463667820069205
346,DNN ProtBERT,1,1.5.3,0.7607361963190183
347,DNN ProtBERT,1,1.5.5,0.9583333333333334
348,DNN ProtBERT,1,1.5.8,0.7936507936507937
349,DNN ProtBERT,1,1.5.98,0.9855072463768115
350,DNN ProtBERT,1,1.5.99,0.7578947368421053
351,DNN ProtBERT,1,1.6.1,0.9333333333333333
352,DNN ProtBERT,1,1.6.2,0.972972972972973
353,DNN ProtBERT,1,1.6.3,0.9375
354,DNN ProtBERT,1,1.6.5,0.9029850746268656
355,DNN ProtBERT,1,1.6.99,0.8
356,DNN ProtBERT,1,1.7.1,0.9615384615384616
357,DNN ProtBERT,1,1.7.2,0.9230769230769231
358,DNN ProtBERT,1,1.7.3,0.9696969696969697
359,DNN ProtBERT,1,1.7.5,0.8
360,DNN ProtBERT,1,1.7.7,0.8510638297872342
361,DNN ProtBERT,1,1.7.99,0.9655172413793104
362,DNN ProtBERT,1,1.8.1,0.9214437367303608
363,DNN ProtBERT,1,1.8.2,0.8761904761904761
364,DNN ProtBERT,1,1.8.3,0.962962962962963
365,DNN ProtBERT,1,1.8.4,0.9784172661870503
366,DNN ProtBERT,1,1.8.5,0.8426395939086295
367,DNN ProtBERT,1,1.8.7,0.923076923076923
368,DNN ProtBERT,1,1.8.98,0.9433962264150944
369,DNN ProtBERT,1,1.8.99,0.9574468085106383
370,DNN ProtBERT,1,1.9.6,1.0
371,DNN ProtBERT,1,1.97.1,0.9401709401709402
372,D-SPACE EC,1,1.1.1,0.9097212591873527
373,D-SPACE EC,1,1.1.2,0.6666666666666666
374,D-SPACE EC,1,1.1.3,0.6928406466512702
375,D-SPACE EC,1,1.1.5,0.7664233576642335
376,D-SPACE EC,1,1.1.9,0.6111111111111112
377,D-SPACE EC,1,1.1.98,0.7692307692307692
378,D-SPACE EC,1,1.1.99,0.7371007371007371
379,D-SPACE EC,1,1.10.3,0.8739495798319327
380,D-SPACE EC,1,1.11.1,0.831168831168831
381,D-SPACE EC,1,1.11.2,0.6947368421052631
382,D-SPACE EC,1,1.12.1,0.48979591836734687
383,D-SPACE EC,1,1.12.2,0.56
384,D-SPACE EC,1,1.12.5,0.8000000000000002
385,D-SPACE EC,1,1.12.7,0.5217391304347827
386,D-SPACE EC,1,1.12.98,0.6250000000000001
387,D-SPACE EC,1,1.12.99,0.7142857142857143
388,D-SPACE EC,1,1.13.11,0.825817860300619
389,D-SPACE EC,1,1.13.12,0.6701570680628273
390,D-SPACE EC,1,1.13.99,0.8571428571428571
391,D-SPACE EC,1,1.14.11,0.7395736793327155
392,D-SPACE EC,1,1.14.12,0.8104956268221575
393,D-SPACE EC,1,1.14.13,0.8217522658610272
394,D-SPACE EC,1,1.14.14,0.7344064386317908
395,D-SPACE EC,1,1.14.15,0.7897196261682242
396,D-SPACE EC,1,1.14.16,0.8739495798319329
397,D-SPACE EC,1,1.14.17,0.7047619047619047
398,D-SPACE EC,1,1.14.18,0.6241134751773049
399,D-SPACE EC,1,1.14.19,0.8415841584158417
400,D-SPACE EC,1,1.14.20,0.4848484848484849
401,D-SPACE EC,1,1.14.99,0.7884057971014493
402,D-SPACE EC,1,1.15.1,0.7259259259259259
403,D-SPACE EC,1,1.16.1,0.7522935779816513
404,D-SPACE EC,1,1.16.3,0.8490566037735849
405,D-SPACE EC,1,1.17.1,0.736318407960199
406,D-SPACE EC,1,1.17.2,0.6428571428571429
407,D-SPACE EC,1,1.17.4,0.8076923076923077
408,D-SPACE EC,1,1.17.5,0.631578947368421
409,D-SPACE EC,1,1.17.7,0.975
410,D-SPACE EC,1,1.17.99,0.9166666666666666
411,D-SPACE EC,1,1.18.1,0.842911877394636
412,D-SPACE EC,1,1.18.6,0.7352941176470588
413,D-SPACE EC,1,1.2.1,0.9345955249569708
414,D-SPACE EC,1,1.2.3,0.7901234567901234
415,D-SPACE EC,1,1.2.4,0.8378378378378378
416,D-SPACE EC,1,1.2.5,0.5945945945945945
417,D-SPACE EC,1,1.2.7,0.8049535603715171
418,D-SPACE EC,1,1.2.98,0.7317073170731707
419,D-SPACE EC,1,1.2.99,0.6444444444444445
420,D-SPACE EC,1,1.20.4,0.8807339449541285
421,D-SPACE EC,1,1.20.9,0.7096774193548386
422,D-SPACE EC,1,1.21.1,0.8125
423,D-SPACE EC,1,1.21.4,0.8666666666666666
424,D-SPACE EC,1,1.21.98,0.8672566371681416
425,D-SPACE EC,1,1.3.1,0.8155002891844998
426,D-SPACE EC,1,1.3.3,0.8262295081967211
427,D-SPACE EC,1,1.3.5,0.8664850136239781
428,D-SPACE EC,1,1.3.7,0.9247311827956989
429,D-SPACE EC,1,1.3.8,0.7634069400630915
430,D-SPACE EC,1,1.3.98,0.8088235294117647
431,D-SPACE EC,1,1.3.99,0.6849999999999999
432,D-SPACE EC,1,1.4.1,0.8657844990548204
433,D-SPACE EC,1,1.4.3,0.796
434,D-SPACE EC,1,1.4.4,0.9588014981273408
435,D-SPACE EC,1,1.4.7,0.24
436,D-SPACE EC,1,1.4.9,0.846153846153846
437,D-SPACE EC,1,1.4.99,0.8448275862068966
438,D-SPACE EC,1,1.5.1,0.8411934552454283
439,D-SPACE EC,1,1.5.3,0.6242038216560509
440,D-SPACE EC,1,1.5.5,0.6410256410256411
441,D-SPACE EC,1,1.5.8,0.7304347826086957
442,D-SPACE EC,1,1.5.98,0.8571428571428572
443,D-SPACE EC,1,1.5.99,0.6829268292682927
444,D-SPACE EC,1,1.6.1,0.896551724137931
445,D-SPACE EC,1,1.6.2,0.8990825688073395
446,D-SPACE EC,1,1.6.3,0.7816091954022987
447,D-SPACE EC,1,1.6.5,0.8605577689243028
448,D-SPACE EC,1,1.6.99,0.6451612903225806
449,D-SPACE EC,1,1.7.1,0.845
450,D-SPACE EC,1,1.7.2,0.7757575757575758
451,D-SPACE EC,1,1.7.3,0.7586206896551724
452,D-SPACE EC,1,1.7.5,0.7499999999999999
453,D-SPACE EC,1,1.7.7,0.7692307692307693
454,D-SPACE EC,1,1.7.99,0.9285714285714286
455,D-SPACE EC,1,1.8.1,0.8356164383561643
456,D-SPACE EC,1,1.8.2,0.7999999999999999
457,D-SPACE EC,1,1.8.3,0.6440677966101694
458,D-SPACE EC,1,1.8.4,0.8637532133676094
459,D-SPACE EC,1,1.8.5,0.6909090909090908
460,D-SPACE EC,1,1.8.7,0.7837837837837839
461,D-SPACE EC,1,1.8.98,0.7727272727272727
462,D-SPACE EC,1,1.8.99,0.8409090909090908
463,D-SPACE EC,1,1.9.6,1.0
464,D-SPACE EC,1,1.97.1,0.8849557522123894
465,DeepEC CNN3,1,1.1.1,0.865099850563782
466,DeepEC CNN3,1,1.1.2,0.6171428571428572
467,DeepEC CNN3,1,1.1.3,0.6929460580912862
468,DeepEC CNN3,1,1.1.5,0.6511627906976744
469,DeepEC CNN3,1,1.1.9,0.6486486486486486
470,DeepEC CNN3,1,1.1.98,0.6407766990291263
471,DeepEC CNN3,1,1.1.99,0.6022471910112359
472,DeepEC CNN3,1,1.10.3,0.8484848484848484
473,DeepEC CNN3,1,1.11.1,0.7892813641900122
474,DeepEC CNN3,1,1.11.2,0.6666666666666666
475,DeepEC CNN3,1,1.12.1,0.5625
476,DeepEC CNN3,1,1.12.2,0.6153846153846153
477,DeepEC CNN3,1,1.12.5,0.6857142857142857
478,DeepEC CNN3,1,1.12.7,0.4848484848484848
479,DeepEC CNN3,1,1.12.98,0.46
480,DeepEC CNN3,1,1.12.99,0.3181818181818182
481,DeepEC CNN3,1,1.13.11,0.7788161993769471
482,DeepEC CNN3,1,1.13.12,0.5649717514124294
483,DeepEC CNN3,1,1.13.99,0.787878787878788
484,DeepEC CNN3,1,1.14.11,0.7676387582314204
485,DeepEC CNN3,1,1.14.12,0.6985074626865672
486,DeepEC CNN3,1,1.14.13,0.7547169811320755
487,DeepEC CNN3,1,1.14.14,0.6147332768839966
488,DeepEC CNN3,1,1.14.15,0.6956521739130436
489,DeepEC CNN3,1,1.14.16,0.90625
490,DeepEC CNN3,1,1.14.17,0.7563025210084034
491,DeepEC CNN3,1,1.14.18,0.5655172413793104
492,DeepEC CNN3,1,1.14.19,0.7673267326732675
493,DeepEC CNN3,1,1.14.20,0.30303030303030304
494,DeepEC CNN3,1,1.14.99,0.7348066298342542
495,DeepEC CNN3,1,1.15.1,0.7818181818181817
496,DeepEC CNN3,1,1.16.1,0.5714285714285714
497,DeepEC CNN3,1,1.16.3,0.6956521739130435
498,DeepEC CNN3,1,1.17.1,0.6338797814207651
499,DeepEC CNN3,1,1.17.2,0.43478260869565216
500,DeepEC CNN3,1,1.17.4,0.5
501,DeepEC CNN3,1,1.17.5,0.4285714285714286
502,DeepEC CNN3,1,1.17.7,0.9554140127388536
503,DeepEC CNN3,1,1.17.99,0.8333333333333333
504,DeepEC CNN3,1,1.18.1,0.7544483985765125
505,DeepEC CNN3,1,1.18.6,0.742857142857143
506,DeepEC CNN3,1,1.2.1,0.9212430821626224
507,DeepEC CNN3,1,1.2.3,0.8395061728395062
508,DeepEC CNN3,1,1.2.4,0.7733333333333334
509,DeepEC CNN3,1,1.2.5,0.4929577464788732
510,DeepEC CNN3,1,1.2.7,0.5768025078369905
511,DeepEC CNN3,1,1.2.98,0.5641025641025641
512,DeepEC CNN3,1,1.2.99,0.6451612903225806
513,DeepEC CNN3,1,1.20.4,0.8376068376068375
514,DeepEC CNN3,1,1.20.9,0.7647058823529412
515,DeepEC CNN3,1,1.21.1,0.8148148148148148
516,DeepEC CNN3,1,1.21.4,0.7674418604651163
517,DeepEC CNN3,1,1.21.98,0.8702290076335878
518,DeepEC CNN3,1,1.3.1,0.7176406335335882
519,DeepEC CNN3,1,1.3.3,0.6910112359550561
520,DeepEC CNN3,1,1.3.5,0.8641304347826088
521,DeepEC CNN3,1,1.3.7,0.8256410256410257
522,DeepEC CNN3,1,1.3.8,0.6726190476190477
523,DeepEC CNN3,1,1.3.98,0.7027027027027027
524,DeepEC CNN3,1,1.3.99,0.5920398009950248
525,DeepEC CNN3,1,1.4.1,0.7443478260869566
526,DeepEC CNN3,1,1.4.3,0.6869918699186992
527,DeepEC CNN3,1,1.4.4,0.9516728624535317
528,DeepEC CNN3,1,1.4.7,0.5555555555555556
529,DeepEC CNN3,1,1.4.9,0.8148148148148148
530,DeepEC CNN3,1,1.4.99,0.7142857142857142
531,DeepEC CNN3,1,1.5.1,0.7423664122137403
532,DeepEC CNN3,1,1.5.3,0.4183006535947713
533,DeepEC CNN3,1,1.5.5,0.6458333333333334
534,DeepEC CNN3,1,1.5.8,0.7500000000000001
535,DeepEC CNN3,1,1.5.98,0.8333333333333333
536,DeepEC CNN3,1,1.5.99,0.5813953488372093
537,DeepEC CNN3,1,1.6.1,0.9333333333333333
538,DeepEC CNN3,1,1.6.2,0.8474576271186439
539,DeepEC CNN3,1,1.6.3,0.7529411764705882
540,DeepEC CNN3,1,1.6.5,0.7955390334572491
541,DeepEC CNN3,1,1.6.99,0.6470588235294117
542,DeepEC CNN3,1,1.7.1,0.8640776699029127
543,DeepEC CNN3,1,1.7.2,0.7380952380952381
544,DeepEC CNN3,1,1.7.3,0.5217391304347826
545,DeepEC CNN3,1,1.7.5,0.7200000000000001
546,DeepEC CNN3,1,1.7.7,0.6086956521739131
547,DeepEC CNN3,1,1.7.99,0.9285714285714286
548,DeepEC CNN3,1,1.8.1,0.814498933901919
549,DeepEC CNN3,1,1.8.2,0.6422018348623852
550,DeepEC CNN3,1,1.8.3,0.5920000000000001
551,DeepEC CNN3,1,1.8.4,0.883248730964467
552,DeepEC CNN3,1,1.8.5,0.4366197183098592
553,DeepEC CNN3,1,1.8.7,0.7294117647058823
554,DeepEC CNN3,1,1.8.98,0.7228915662650601
555,DeepEC CNN3,1,1.8.99,0.7954545454545455
556,DeepEC CNN3,1,1.9.6,1.0
557,DeepEC CNN3,1,1.97.1,0.7599999999999999
558,Models ensemble,1,1.1.1,0.9702276707530648
559,Models ensemble,1,1.1.2,0.8160919540229884
560,Models ensemble,1,1.1.3,0.9010526315789473
561,Models ensemble,1,1.1.5,0.9010238907849829
562,Models ensemble,1,1.1.9,0.7755102040816326
563,Models ensemble,1,1.1.98,0.8314606741573033
564,Models ensemble,1,1.1.99,0.8578088578088577
565,Models ensemble,1,1.10.3,0.9523809523809523
566,Models ensemble,1,1.11.1,0.9301260022909508
567,Models ensemble,1,1.11.2,0.9243697478991596
568,Models ensemble,1,1.12.1,0.8615384615384615
569,Models ensemble,1,1.12.2,0.8000000000000002
570,Models ensemble,1,1.12.5,0.896551724137931
571,Models ensemble,1,1.12.7,0.7692307692307692
572,Models ensemble,1,1.12.98,0.8571428571428572
573,Models ensemble,1,1.12.99,0.8181818181818181
574,Models ensemble,1,1.13.11,0.9769291964996022
575,Models ensemble,1,1.13.12,0.8868778280542986
576,Models ensemble,1,1.13.99,0.896551724137931
577,Models ensemble,1,1.14.11,0.9516129032258064
578,Models ensemble,1,1.14.12,0.9315068493150686
579,Models ensemble,1,1.14.13,0.9298369950389795
580,Models ensemble,1,1.14.14,0.8746298124383021
581,Models ensemble,1,1.14.15,0.9094736842105263
582,Models ensemble,1,1.14.16,0.9763779527559054
583,Models ensemble,1,1.14.17,0.975609756097561
584,Models ensemble,1,1.14.18,0.8987341772151898
585,Models ensemble,1,1.14.19,0.949748743718593
586,Models ensemble,1,1.14.20,0.6470588235294117
587,Models ensemble,1,1.14.99,0.8976377952755906
588,Models ensemble,1,1.15.1,0.975609756097561
589,Models ensemble,1,1.16.1,0.9661016949152543
590,Models ensemble,1,1.16.3,0.962962962962963
591,Models ensemble,1,1.17.1,0.8457711442786069
592,Models ensemble,1,1.17.2,0.8125
593,Models ensemble,1,1.17.4,0.9272727272727272
594,Models ensemble,1,1.17.5,0.7555555555555555
595,Models ensemble,1,1.17.7,1.0
596,Models ensemble,1,1.17.99,1.0
597,Models ensemble,1,1.18.1,0.9481481481481482
598,Models ensemble,1,1.18.6,0.9500000000000001
599,Models ensemble,1,1.2.1,0.980441115272576
600,Models ensemble,1,1.2.3,0.9411764705882353
601,Models ensemble,1,1.2.4,0.9818181818181818
602,Models ensemble,1,1.2.5,0.7424242424242424
603,Models ensemble,1,1.2.7,0.941860465116279
604,Models ensemble,1,1.2.98,0.761904761904762
605,Models ensemble,1,1.2.99,0.7551020408163265
606,Models ensemble,1,1.20.4,0.9473684210526316
607,Models ensemble,1,1.20.9,0.9444444444444444
608,Models ensemble,1,1.21.1,0.9090909090909091
609,Models ensemble,1,1.21.4,0.9791666666666666
610,Models ensemble,1,1.21.98,0.991869918699187
611,Models ensemble,1,1.3.1,0.9277777777777778
612,Models ensemble,1,1.3.3,0.9333333333333333
613,Models ensemble,1,1.3.5,0.9536082474226806
614,Models ensemble,1,1.3.7,0.9692307692307692
615,Models ensemble,1,1.3.8,0.8468468468468469
616,Models ensemble,1,1.3.98,0.9027777777777779
617,Models ensemble,1,1.3.99,0.8359550561797753
618,Models ensemble,1,1.4.1,0.9498207885304659
619,Models ensemble,1,1.4.3,0.9467455621301775
620,Models ensemble,1,1.4.4,1.0
621,Models ensemble,1,1.4.7,0.6842105263157895
622,Models ensemble,1,1.4.9,0.983050847457627
623,Models ensemble,1,1.4.99,0.912
624,Models ensemble,1,1.5.1,0.9595872742906277
625,Models ensemble,1,1.5.3,0.8098159509202455
626,Models ensemble,1,1.5.5,0.98989898989899
627,Models ensemble,1,1.5.8,0.8217054263565892
628,Models ensemble,1,1.5.98,0.9855072463768115
629,Models ensemble,1,1.5.99,0.8043478260869564
630,Models ensemble,1,1.6.1,0.9333333333333333
631,Models ensemble,1,1.6.2,0.9734513274336283
632,Models ensemble,1,1.6.3,0.9278350515463919
633,Models ensemble,1,1.6.5,0.9051094890510949
634,Models ensemble,1,1.6.99,0.8333333333333334
635,Models ensemble,1,1.7.1,0.9666666666666667
636,Models ensemble,1,1.7.2,0.9456521739130436
637,Models ensemble,1,1.7.3,0.9696969696969697
638,Models ensemble,1,1.7.5,0.8
639,Models ensemble,1,1.7.7,0.8510638297872342
640,Models ensemble,1,1.7.99,1.0
641,Models ensemble,1,1.8.1,0.9350104821802935
642,Models ensemble,1,1.8.2,0.8761904761904761
643,Models ensemble,1,1.8.3,0.9852941176470589
644,Models ensemble,1,1.8.4,0.9811320754716982
645,Models ensemble,1,1.8.5,0.8712871287128714
646,Models ensemble,1,1.8.7,0.923076923076923
647,Models ensemble,1,1.8.98,0.9532710280373831
648,Models ensemble,1,1.8.99,0.9473684210526316
649,Models ensemble,1,1.9.6,1.0
650,Models ensemble,1,1.97.1,0.9747899159663865
651,Models + BLASTp,1,1.1.1,0.9736031086694359
652,Models + BLASTp,1,1.1.2,0.8248587570621468
653,Models + BLASTp,1,1.1.3,0.9049586776859504
654,Models + BLASTp,1,1.1.5,0.9337748344370861
655,Models + BLASTp,1,1.1.9,0.7755102040816326
656,Models + BLASTp,1,1.1.98,0.8222222222222222
657,Models + BLASTp,1,1.1.99,0.8680089485458612
658,Models + BLASTp,1,1.10.3,0.9647058823529412
659,Models + BLASTp,1,1.11.1,0.9389140271493213
660,Models + BLASTp,1,1.11.2,0.9508196721311476
661,Models + BLASTp,1,1.12.1,0.8529411764705883
662,Models + BLASTp,1,1.12.2,0.8000000000000002
663,Models + BLASTp,1,1.12.5,0.8666666666666667
664,Models + BLASTp,1,1.12.7,0.8148148148148148
665,Models + BLASTp,1,1.12.98,0.9038461538461539
666,Models + BLASTp,1,1.12.99,0.8936170212765958
667,Models + BLASTp,1,1.13.11,0.9793977812995246
668,Models + BLASTp,1,1.13.12,0.9026548672566371
669,Models + BLASTp,1,1.13.99,0.9333333333333333
670,Models + BLASTp,1,1.14.11,0.9528888888888888
671,Models + BLASTp,1,1.14.12,0.9272237196765498
672,Models + BLASTp,1,1.14.13,0.9300699300699301
673,Models + BLASTp,1,1.14.14,0.8745173745173745
674,Models + BLASTp,1,1.14.15,0.9083333333333333
675,Models + BLASTp,1,1.14.16,0.9763779527559054
676,Models + BLASTp,1,1.14.17,0.975609756097561
677,Models + BLASTp,1,1.14.18,0.8930817610062893
678,Models + BLASTp,1,1.14.19,0.9504950495049505
679,Models + BLASTp,1,1.14.20,0.75
680,Models + BLASTp,1,1.14.99,0.9183673469387756
681,Models + BLASTp,1,1.15.1,0.9838709677419354
682,Models + BLASTp,1,1.16.1,0.9661016949152543
683,Models + BLASTp,1,1.16.3,0.962962962962963
684,Models + BLASTp,1,1.17.1,0.8584905660377359
685,Models + BLASTp,1,1.17.2,0.8125
686,Models + BLASTp,1,1.17.4,0.9380530973451328
687,Models + BLASTp,1,1.17.5,0.7659574468085107
688,Models + BLASTp,1,1.17.7,1.0
689,Models + BLASTp,1,1.17.99,1.0
690,Models + BLASTp,1,1.18.1,0.9558823529411765
691,Models + BLASTp,1,1.18.6,0.975609756097561
692,Models + BLASTp,1,1.2.1,0.9792703150912107
693,Models + BLASTp,1,1.2.3,0.9302325581395349
694,Models + BLASTp,1,1.2.4,0.9818181818181818
695,Models + BLASTp,1,1.2.5,0.7368421052631579
696,Models + BLASTp,1,1.2.7,0.9479768786127167
697,Models + BLASTp,1,1.2.98,0.7906976744186047
698,Models + BLASTp,1,1.2.99,0.7766990291262136
699,Models + BLASTp,1,1.20.4,0.9655172413793103
700,Models + BLASTp,1,1.20.9,0.9444444444444444
701,Models + BLASTp,1,1.21.1,0.9090909090909091
702,Models + BLASTp,1,1.21.4,0.9896907216494846
703,Models + BLASTp,1,1.21.98,0.991869918699187
704,Models + BLASTp,1,1.3.1,0.9305631492618918
705,Models + BLASTp,1,1.3.3,0.9397590361445783
706,Models + BLASTp,1,1.3.5,0.9540816326530611
707,Models + BLASTp,1,1.3.7,0.9772151898734177
708,Models + BLASTp,1,1.3.8,0.8538011695906432
709,Models + BLASTp,1,1.3.98,0.918918918918919
710,Models + BLASTp,1,1.3.99,0.8425720620842573
711,Models + BLASTp,1,1.4.1,0.9572953736654805
712,Models + BLASTp,1,1.4.3,0.9430255402750491
713,Models + BLASTp,1,1.4.4,1.0
714,Models + BLASTp,1,1.4.7,0.8181818181818182
715,Models + BLASTp,1,1.4.9,0.983050847457627
716,Models + BLASTp,1,1.4.99,0.921875
717,Models + BLASTp,1,1.5.1,0.9632792485055508
718,Models + BLASTp,1,1.5.3,0.8263473053892215
719,Models + BLASTp,1,1.5.5,0.98989898989899
720,Models + BLASTp,1,1.5.8,0.8307692307692308
721,Models + BLASTp,1,1.5.98,0.9714285714285714
722,Models + BLASTp,1,1.5.99,0.7956989247311828
723,Models + BLASTp,1,1.6.1,0.9333333333333333
724,Models + BLASTp,1,1.6.2,0.9734513274336283
725,Models + BLASTp,1,1.6.3,0.9494949494949494
726,Models + BLASTp,1,1.6.5,0.8992805755395684
727,Models + BLASTp,1,1.6.99,0.8947368421052632
728,Models + BLASTp,1,1.7.1,0.9668246445497629
729,Models + BLASTp,1,1.7.2,0.9456521739130436
730,Models + BLASTp,1,1.7.3,0.9696969696969697
731,Models + BLASTp,1,1.7.5,0.846153846153846
732,Models + BLASTp,1,1.7.7,0.8333333333333333
733,Models + BLASTp,1,1.7.99,1.0
734,Models + BLASTp,1,1.8.1,0.9438669438669438
735,Models + BLASTp,1,1.8.2,0.897196261682243
736,Models + BLASTp,1,1.8.3,0.9852941176470589
737,Models + BLASTp,1,1.8.4,0.9811320754716982
738,Models + BLASTp,1,1.8.5,0.8780487804878048
739,Models + BLASTp,1,1.8.7,0.9113924050632912
740,Models + BLASTp,1,1.8.98,0.9532710280373831
741,Models + BLASTp,1,1.8.99,0.9583333333333333
742,Models + BLASTp,1,1.9.6,1.0
743,Models + BLASTp,1,1.97.1,0.9586776859504132
744,BLASTp,2,2.1.1,0.987056648176164
745,BLASTp,2,2.1.2,0.9985272459499264
746,BLASTp,2,2.1.3,0.9794721407624634
747,BLASTp,2,2.1.4,0.9803921568627451
748,BLASTp,2,2.10.1,1.0
749,BLASTp,2,2.2.1,0.9834254143646408
750,BLASTp,2,2.3.1,0.9801888539159415
751,BLASTp,2,2.3.2,0.9804241435562806
752,BLASTp,2,2.3.3,0.9823008849557522
753,BLASTp,2,2.4.1,0.9711854573583446
754,BLASTp,2,2.4.2,0.9741347905282332
755,BLASTp,2,2.4.99,0.994186046511628
756,BLASTp,2,2.5.1,0.9844450303190087
757,BLASTp,2,2.6.1,0.9839416058394161
758,BLASTp,2,2.6.99,0.9847715736040609
759,BLASTp,2,2.7.1,0.9898142600359496
760,BLASTp,2,2.7.10,0.9419354838709677
761,BLASTp,2,2.7.11,0.9755201958384334
762,BLASTp,2,2.7.12,0.955223880597015
763,BLASTp,2,2.7.13,0.9664429530201343
764,BLASTp,2,2.7.14,1.0
765,BLASTp,2,2.7.2,0.9951690821256038
766,BLASTp,2,2.7.3,0.9846153846153847
767,BLASTp,2,2.7.4,0.9881154499151102
768,BLASTp,2,2.7.6,0.970059880239521
769,BLASTp,2,2.7.7,0.9819798736250878
770,BLASTp,2,2.7.8,0.9785025945144551
771,BLASTp,2,2.7.9,0.9864864864864865
772,BLASTp,2,2.8.1,0.9991823385118561
773,BLASTp,2,2.8.2,0.9969604863221885
774,BLASTp,2,2.8.3,0.9571183533447684
775,BLASTp,2,2.8.4,0.9781931464174455
776,BLASTp,2,2.8.5,0.96
777,BLASTp,2,2.9.1,1.0
778,DNN ESM1b,2,2.1.1,0.9843037974683544
779,DNN ESM1b,2,2.1.2,0.9985272459499264
780,DNN ESM1b,2,2.1.3,0.9657228017883756
781,DNN ESM1b,2,2.1.4,0.8695652173913044
782,DNN ESM1b,2,2.10.1,1.0
783,DNN ESM1b,2,2.2.1,0.9888268156424581
784,DNN ESM1b,2,2.3.1,0.9792284866468841
785,DNN ESM1b,2,2.3.2,0.9778506972928631
786,DNN ESM1b,2,2.3.3,0.9732142857142857
787,DNN ESM1b,2,2.4.1,0.9668283220174587
788,DNN ESM1b,2,2.4.2,0.9790825688073393
789,DNN ESM1b,2,2.4.99,0.994186046511628
790,DNN ESM1b,2,2.5.1,0.9802163017673436
791,DNN ESM1b,2,2.6.1,0.982868330885952
792,DNN ESM1b,2,2.6.99,0.9948717948717948
793,DNN ESM1b,2,2.7.1,0.985983179815779
794,DNN ESM1b,2,2.7.10,0.948051948051948
795,DNN ESM1b,2,2.7.11,0.9674247080516287
796,DNN ESM1b,2,2.7.12,0.9032258064516129
797,DNN ESM1b,2,2.7.13,0.9387755102040817
798,DNN ESM1b,2,2.7.14,1.0
799,DNN ESM1b,2,2.7.2,0.9919484702093397
800,DNN ESM1b,2,2.7.3,0.944
801,DNN ESM1b,2,2.7.4,0.9838022165387894
802,DNN ESM1b,2,2.7.6,0.9696969696969697
803,DNN ESM1b,2,2.7.7,0.976011288805268
804,DNN ESM1b,2,2.7.8,0.975501113585746
805,DNN ESM1b,2,2.7.9,0.9793103448275862
806,DNN ESM1b,2,2.8.1,0.9991809991809992
807,DNN ESM1b,2,2.8.2,0.9908814589665653
808,DNN ESM1b,2,2.8.3,0.9536878216123498
809,DNN ESM1b,2,2.8.4,0.9817073170731708
810,DNN ESM1b,2,2.8.5,0.96
811,DNN ESM1b,2,2.9.1,0.9811320754716981
812,DNN ESM2 3B,2,2.1.1,0.9887186395015995
813,DNN ESM2 3B,2,2.1.2,1.0
814,DNN ESM2 3B,2,2.1.3,0.9687034277198212
815,DNN ESM2 3B,2,2.1.4,0.9600000000000001
816,DNN ESM2 3B,2,2.10.1,1.0
817,DNN ESM2 3B,2,2.2.1,0.9888268156424581
818,DNN ESM2 3B,2,2.3.1,0.9810549777117386
819,DNN ESM2 3B,2,2.3.2,0.9796582587469487
820,DNN ESM2 3B,2,2.3.3,0.968609865470852
821,DNN ESM2 3B,2,2.4.1,0.9692039511911679
822,DNN ESM2 3B,2,2.4.2,0.9824175824175824
823,DNN ESM2 3B,2,2.4.99,0.991304347826087
824,DNN ESM2 3B,2,2.5.1,0.9844368240569771
825,DNN ESM2 3B,2,2.6.1,0.9818538499264344
826,DNN ESM2 3B,2,2.6.99,0.9896907216494846
827,DNN ESM2 3B,2,2.7.1,0.9869765578040472
828,DNN ESM2 3B,2,2.7.10,0.9605263157894737
829,DNN ESM2 3B,2,2.7.11,0.9725106902871106
830,DNN ESM2 3B,2,2.7.12,0.9206349206349207
831,DNN ESM2 3B,2,2.7.13,0.904109589041096
832,DNN ESM2 3B,2,2.7.14,1.0
833,DNN ESM2 3B,2,2.7.2,0.9919224555735056
834,DNN ESM2 3B,2,2.7.3,0.9523809523809523
835,DNN ESM2 3B,2,2.7.4,0.9855319148936169
836,DNN ESM2 3B,2,2.7.6,0.9693251533742331
837,DNN ESM2 3B,2,2.7.7,0.9794956398774453
838,DNN ESM2 3B,2,2.7.8,0.980654761904762
839,DNN ESM2 3B,2,2.7.9,0.9931972789115647
840,DNN ESM2 3B,2,2.8.1,1.0
841,DNN ESM2 3B,2,2.8.2,0.9908256880733944
842,DNN ESM2 3B,2,2.8.3,0.9464594127806564
843,DNN ESM2 3B,2,2.8.4,0.9846153846153846
844,DNN ESM2 3B,2,2.8.5,0.96
845,DNN ESM2 3B,2,2.9.1,0.9811320754716981
846,DNN ProtBERT,2,2.1.1,0.9781541066892464
847,DNN ProtBERT,2,2.1.2,0.9985228951255538
848,DNN ProtBERT,2,2.1.3,0.9658246656760773
849,DNN ProtBERT,2,2.1.4,0.8936170212765957
850,DNN ProtBERT,2,2.10.1,1.0
851,DNN ProtBERT,2,2.2.1,0.9772727272727273
852,DNN ProtBERT,2,2.3.1,0.974186307519641
853,DNN ProtBERT,2,2.3.2,0.9535655058043117
854,DNN ProtBERT,2,2.3.3,0.9662921348314606
855,DNN ProtBERT,2,2.4.1,0.9576205287713841
856,DNN ProtBERT,2,2.4.2,0.9693613879660392
857,DNN ProtBERT,2,2.4.99,0.971264367816092
858,DNN ProtBERT,2,2.5.1,0.9766206163655686
859,DNN ProtBERT,2,2.6.1,0.982834722903384
860,DNN ProtBERT,2,2.6.99,0.9896907216494846
861,DNN ProtBERT,2,2.7.1,0.9733548647557531
862,DNN ProtBERT,2,2.7.10,0.9668874172185431
863,DNN ProtBERT,2,2.7.11,0.9526736324523664
864,DNN ProtBERT,2,2.7.12,0.8333333333333334
865,DNN ProtBERT,2,2.7.13,0.9078947368421053
866,DNN ProtBERT,2,2.7.14,1.0
867,DNN ProtBERT,2,2.7.2,0.9853658536585366
868,DNN ProtBERT,2,2.7.3,0.96875
869,DNN ProtBERT,2,2.7.4,0.9759450171821306
870,DNN ProtBERT,2,2.7.6,0.962962962962963
871,DNN ProtBERT,2,2.7.7,0.9640390569183138
872,DNN ProtBERT,2,2.7.8,0.9676934635612321
873,DNN ProtBERT,2,2.7.9,0.937062937062937
874,DNN ProtBERT,2,2.8.1,0.9975389663658737
875,DNN ProtBERT,2,2.8.2,0.9847094801223242
876,DNN ProtBERT,2,2.8.3,0.9391304347826087
877,DNN ProtBERT,2,2.8.4,0.9937888198757764
878,DNN ProtBERT,2,2.8.5,0.96
879,DNN ProtBERT,2,2.9.1,0.9811320754716981
880,D-SPACE EC,2,2.1.1,0.8886608517188301
881,D-SPACE EC,2,2.1.2,0.9759759759759761
882,D-SPACE EC,2,2.1.3,0.9347496206373292
883,D-SPACE EC,2,2.1.4,0.631578947368421
884,D-SPACE EC,2,2.10.1,0.9655172413793104
885,D-SPACE EC,2,2.2.1,0.9333333333333333
886,D-SPACE EC,2,2.3.1,0.8673189823874755
887,D-SPACE EC,2,2.3.2,0.7682481751824817
888,D-SPACE EC,2,2.3.3,0.8402948402948403
889,D-SPACE EC,2,2.4.1,0.8378600823045268
890,D-SPACE EC,2,2.4.2,0.9030534351145038
891,D-SPACE EC,2,2.4.99,0.9360465116279071
892,D-SPACE EC,2,2.5.1,0.8956303924297244
893,D-SPACE EC,2,2.6.1,0.9105527638190956
894,D-SPACE EC,2,2.6.99,0.9281767955801106
895,D-SPACE EC,2,2.7.1,0.8787194746562692
896,D-SPACE EC,2,2.7.10,0.6615384615384615
897,D-SPACE EC,2,2.7.11,0.840378548895899
898,D-SPACE EC,2,2.7.12,0.5882352941176471
899,D-SPACE EC,2,2.7.13,0.6724137931034483
900,D-SPACE EC,2,2.7.14,0.9777777777777777
901,D-SPACE EC,2,2.7.2,0.935108153078203
902,D-SPACE EC,2,2.7.3,0.766355140186916
903,D-SPACE EC,2,2.7.4,0.9251101321585903
904,D-SPACE EC,2,2.7.6,0.7067669172932332
905,D-SPACE EC,2,2.7.7,0.8606416850355131
906,D-SPACE EC,2,2.7.8,0.8888888888888888
907,D-SPACE EC,2,2.7.9,0.7903225806451613
908,D-SPACE EC,2,2.8.1,0.9471890971039183
909,D-SPACE EC,2,2.8.2,0.737864077669903
910,D-SPACE EC,2,2.8.3,0.8587786259541984
911,D-SPACE EC,2,2.8.4,0.9622641509433963
912,D-SPACE EC,2,2.8.5,0.7906976744186047
913,D-SPACE EC,2,2.9.1,0.9306930693069307
914,DeepEC CNN3,2,2.1.1,0.8375198728139904
915,DeepEC CNN3,2,2.1.2,0.9614243323442137
916,DeepEC CNN3,2,2.1.3,0.9137931034482759
917,DeepEC CNN3,2,2.1.4,0.5957446808510638
918,DeepEC CNN3,2,2.10.1,0.7857142857142856
919,DeepEC CNN3,2,2.2.1,0.934844192634561
920,DeepEC CNN3,2,2.3.1,0.8345602479659047
921,DeepEC CNN3,2,2.3.2,0.6754863813229571
922,DeepEC CNN3,2,2.3.3,0.8117913832199546
923,DeepEC CNN3,2,2.4.1,0.810344827586207
924,DeepEC CNN3,2,2.4.2,0.8246683399067766
925,DeepEC CNN3,2,2.4.99,0.8076923076923077
926,DeepEC CNN3,2,2.5.1,0.8494249799411607
927,DeepEC CNN3,2,2.6.1,0.892037127503664
928,DeepEC CNN3,2,2.6.99,0.9513513513513514
929,DeepEC CNN3,2,2.7.1,0.8487343074706729
930,DeepEC CNN3,2,2.7.10,0.6813186813186813
931,DeepEC CNN3,2,2.7.11,0.8743902439024389
932,DeepEC CNN3,2,2.7.12,0.5882352941176471
933,DeepEC CNN3,2,2.7.13,0.6490066225165563
934,DeepEC CNN3,2,2.7.14,0.9302325581395349
935,DeepEC CNN3,2,2.7.2,0.9289256198347107
936,DeepEC CNN3,2,2.7.3,0.8275862068965517
937,DeepEC CNN3,2,2.7.4,0.8945578231292517
938,DeepEC CNN3,2,2.7.6,0.53125
939,DeepEC CNN3,2,2.7.7,0.8041737442368357
940,DeepEC CNN3,2,2.7.8,0.8201019664967224
941,DeepEC CNN3,2,2.7.9,0.752
942,DeepEC CNN3,2,2.8.1,0.9356435643564356
943,DeepEC CNN3,2,2.8.2,0.7643312101910829
944,DeepEC CNN3,2,2.8.3,0.8233151183970855
945,DeepEC CNN3,2,2.8.4,0.9535603715170279
946,DeepEC CNN3,2,2.8.5,0.8372093023255813
947,DeepEC CNN3,2,2.9.1,0.8800000000000001
948,Models ensemble,2,2.1.1,0.9875084402430788
949,Models ensemble,2,2.1.2,1.0
950,Models ensemble,2,2.1.3,0.9687034277198212
951,Models ensemble,2,2.1.4,0.9166666666666666
952,Models ensemble,2,2.10.1,1.0
953,Models ensemble,2,2.2.1,0.9888268156424581
954,Models ensemble,2,2.3.1,0.9806763285024155
955,Models ensemble,2,2.3.2,0.9795249795249795
956,Models ensemble,2,2.3.3,0.9732142857142857
957,Models ensemble,2,2.4.1,0.967467079783114
958,Models ensemble,2,2.4.2,0.9816446402349487
959,Models ensemble,2,2.4.99,0.991304347826087
960,Models ensemble,2,2.5.1,0.9846723044397463
961,Models ensemble,2,2.6.1,0.9843290891283056
962,Models ensemble,2,2.6.99,0.9948717948717948
963,Models ensemble,2,2.7.1,0.9859494179044559
964,Models ensemble,2,2.7.10,0.9668874172185431
965,Models ensemble,2,2.7.11,0.9711479435236341
966,Models ensemble,2,2.7.12,0.9180327868852458
967,Models ensemble,2,2.7.13,0.9251700680272109
968,Models ensemble,2,2.7.14,1.0
969,Models ensemble,2,2.7.2,0.9935483870967742
970,Models ensemble,2,2.7.3,0.9606299212598425
971,Models ensemble,2,2.7.4,0.984641638225256
972,Models ensemble,2,2.7.6,0.9693251533742331
973,Models ensemble,2,2.7.7,0.9778615167216204
974,Models ensemble,2,2.7.8,0.9791356184798807
975,Models ensemble,2,2.7.9,0.9793103448275862
976,Models ensemble,2,2.8.1,1.0
977,Models ensemble,2,2.8.2,0.9908256880733944
978,Models ensemble,2,2.8.3,0.9518900343642611
979,Models ensemble,2,2.8.4,0.9846153846153846
980,Models ensemble,2,2.8.5,0.96
981,Models ensemble,2,2.9.1,0.9811320754716981
982,Models + BLASTp,2,2.1.1,0.9885483327719771
983,Models + BLASTp,2,2.1.2,1.0
984,Models + BLASTp,2,2.1.3,0.9704142011834319
985,Models + BLASTp,2,2.1.4,0.9600000000000001
986,Models + BLASTp,2,2.10.1,1.0
987,Models + BLASTp,2,2.2.1,0.9888268156424581
988,Models + BLASTp,2,2.3.1,0.9825796886582653
989,Models + BLASTp,2,2.3.2,0.9845402766476811
990,Models + BLASTp,2,2.3.3,0.9755011135857461
991,Models + BLASTp,2,2.4.1,0.968563162970106
992,Models + BLASTp,2,2.4.2,0.9828153564899452
993,Models + BLASTp,2,2.4.99,0.991304347826087
994,Models + BLASTp,2,2.5.1,0.9847207586933614
995,Models + BLASTp,2,2.6.1,0.9858467545143973
996,Models + BLASTp,2,2.6.99,0.9948717948717948
997,Models + BLASTp,2,2.7.1,0.9896083133493206
998,Models + BLASTp,2,2.7.10,0.9542483660130718
999,Models + BLASTp,2,2.7.11,0.9719512195121951
1000,Models + BLASTp,2,2.7.12,0.9206349206349207
1001,Models + BLASTp,2,2.7.13,0.9324324324324325
1002,Models + BLASTp,2,2.7.14,1.0
1003,Models + BLASTp,2,2.7.2,0.9935483870967742
1004,Models + BLASTp,2,2.7.3,0.9767441860465117
1005,Models + BLASTp,2,2.7.4,0.9872557349192864
1006,Models + BLASTp,2,2.7.6,0.9693251533742331
1007,Models + BLASTp,2,2.7.7,0.9822014051522249
1008,Models + BLASTp,2,2.7.8,0.9806835066864784
1009,Models + BLASTp,2,2.7.9,0.9931972789115647
1010,Models + BLASTp,2,2.8.1,1.0
1011,Models + BLASTp,2,2.8.2,0.9939024390243903
1012,Models + BLASTp,2,2.8.3,0.9609507640067912
1013,Models + BLASTp,2,2.8.4,0.9877300613496933
1014,Models + BLASTp,2,2.8.5,0.96
1015,Models + BLASTp,2,2.9.1,0.9811320754716981
1016,BLASTp,3,3.1.1,0.955158902916848
1017,BLASTp,3,3.1.11,0.9604519774011299
1018,BLASTp,3,3.1.12,0.9803921568627451
1019,BLASTp,3,3.1.13,0.9459459459459459
1020,BLASTp,3,3.1.2,0.9090909090909091
1021,BLASTp,3,3.1.21,0.9485714285714286
1022,BLASTp,3,3.1.22,0.9824561403508771
1023,BLASTp,3,3.1.26,0.9828456104944501
1024,BLASTp,3,3.1.27,0.8400000000000001
1025,BLASTp,3,3.1.3,0.9748987854251012
1026,BLASTp,3,3.1.30,0.983050847457627
1027,BLASTp,3,3.1.31,0.9387755102040816
1028,BLASTp,3,3.1.4,0.9557713052858683
1029,BLASTp,3,3.1.5,1.0
1030,BLASTp,3,3.1.6,0.8020833333333334
1031,BLASTp,3,3.1.7,0.8
1032,BLASTp,3,3.1.8,0.88
1033,BLASTp,3,3.11.1,0.9885057471264368
1034,BLASTp,3,3.13.1,0.9113924050632912
1035,BLASTp,3,3.13.2,0.9473684210526315
1036,BLASTp,3,3.2.1,0.9745414727621133
1037,BLASTp,3,3.2.2,0.9781144781144783
1038,BLASTp,3,3.3.2,0.8659793814432989
1039,BLASTp,3,3.4.11,0.973049645390071
1040,BLASTp,3,3.4.13,0.9837133550488599
1041,BLASTp,3,3.4.14,0.9411764705882352
1042,BLASTp,3,3.4.15,0.993103448275862
1043,BLASTp,3,3.4.16,0.976303317535545
1044,BLASTp,3,3.4.17,0.9623059866962307
1045,BLASTp,3,3.4.18,0.9600000000000001
1046,BLASTp,3,3.4.19,0.9703947368421053
1047,BLASTp,3,3.4.21,0.977685950413223
1048,BLASTp,3,3.4.22,0.9573934837092732
1049,BLASTp,3,3.4.23,0.9671484888304862
1050,BLASTp,3,3.4.24,0.9778621125869702
1051,BLASTp,3,3.4.25,0.993006993006993
1052,BLASTp,3,3.5.1,0.9638752052545155
1053,BLASTp,3,3.5.2,0.9713506139154161
1054,BLASTp,3,3.5.3,0.974512743628186
1055,BLASTp,3,3.5.4,0.9859971028488653
1056,BLASTp,3,3.5.5,0.907103825136612
1057,BLASTp,3,3.5.99,0.9613733905579399
1058,BLASTp,3,3.6.1,0.9801934592353753
1059,BLASTp,3,3.6.4,0.9671428571428572
1060,BLASTp,3,3.6.5,0.9964539007092198
1061,BLASTp,3,3.7.1,0.8660287081339713
1062,BLASTp,3,3.8.1,0.778523489932886
1063,BLASTp,3,3.9.1,0.9655172413793104
1064,DNN ESM1b,3,3.1.1,0.948012232415902
1065,DNN ESM1b,3,3.1.11,0.9401709401709402
1066,DNN ESM1b,3,3.1.12,0.9795918367346939
1067,DNN ESM1b,3,3.1.13,0.9403508771929825
1068,DNN ESM1b,3,3.1.2,0.9136577708006279
1069,DNN ESM1b,3,3.1.21,0.9613259668508287
1070,DNN ESM1b,3,3.1.22,0.9259259259259259
1071,DNN ESM1b,3,3.1.26,0.9858012170385395
1072,DNN ESM1b,3,3.1.27,0.7999999999999999
1073,DNN ESM1b,3,3.1.3,0.9681112019623876
1074,DNN ESM1b,3,3.1.30,0.9473684210526316
1075,DNN ESM1b,3,3.1.31,0.9387755102040816
1076,DNN ESM1b,3,3.1.4,0.946212952799122
1077,DNN ESM1b,3,3.1.5,0.9302325581395349
1078,DNN ESM1b,3,3.1.6,0.7926509186351708
1079,DNN ESM1b,3,3.1.7,0.7391304347826088
1080,DNN ESM1b,3,3.1.8,0.7755102040816326
1081,DNN ESM1b,3,3.11.1,0.9523809523809523
1082,DNN ESM1b,3,3.13.1,0.9156626506024096
1083,DNN ESM1b,3,3.13.2,0.9230769230769231
1084,DNN ESM1b,3,3.2.1,0.9629222741005219
1085,DNN ESM1b,3,3.2.2,0.9686706181202371
1086,DNN ESM1b,3,3.3.2,0.8877005347593584
1087,DNN ESM1b,3,3.4.11,0.9661971830985916
1088,DNN ESM1b,3,3.4.13,0.9770491803278688
1089,DNN ESM1b,3,3.4.14,0.9341317365269461
1090,DNN ESM1b,3,3.4.15,0.9861111111111112
1091,DNN ESM1b,3,3.4.16,0.9619047619047619
1092,DNN ESM1b,3,3.4.17,0.9504504504504504
1093,DNN ESM1b,3,3.4.18,0.9787234042553191
1094,DNN ESM1b,3,3.4.19,0.9487603305785124
1095,DNN ESM1b,3,3.4.21,0.9730625777041028
1096,DNN ESM1b,3,3.4.22,0.9418702611625946
1097,DNN ESM1b,3,3.4.23,0.9750982961992136
1098,DNN ESM1b,3,3.4.24,0.9770992366412213
1099,DNN ESM1b,3,3.4.25,0.9896193771626298
1100,DNN ESM1b,3,3.5.1,0.9616228070175438
1101,DNN ESM1b,3,3.5.2,0.9631650750341064
1102,DNN ESM1b,3,3.5.3,0.9745889387144993
1103,DNN ESM1b,3,3.5.4,0.9814995131450828
1104,DNN ESM1b,3,3.5.5,0.9050279329608938
1105,DNN ESM1b,3,3.5.99,0.9696969696969696
1106,DNN ESM1b,3,3.6.1,0.9666048237476809
1107,DNN ESM1b,3,3.6.4,0.9577060931899642
1108,DNN ESM1b,3,3.6.5,1.0
1109,DNN ESM1b,3,3.7.1,0.891509433962264
1110,DNN ESM1b,3,3.8.1,0.7943262411347517
1111,DNN ESM1b,3,3.9.1,0.8
1112,DNN ESM2 3B,3,3.1.1,0.9484265734265735
1113,DNN ESM2 3B,3,3.1.11,0.9398280802292264
1114,DNN ESM2 3B,3,3.1.12,1.0
1115,DNN ESM2 3B,3,3.1.13,0.951048951048951
1116,DNN ESM2 3B,3,3.1.2,0.9085271317829456
1117,DNN ESM2 3B,3,3.1.21,0.9570093457943926
1118,DNN ESM2 3B,3,3.1.22,0.9454545454545454
1119,DNN ESM2 3B,3,3.1.26,0.9826707441386341
1120,DNN ESM2 3B,3,3.1.27,0.7317073170731708
1121,DNN ESM2 3B,3,3.1.3,0.9735234215885947
1122,DNN ESM2 3B,3,3.1.30,0.983050847457627
1123,DNN ESM2 3B,3,3.1.31,0.9803921568627451
1124,DNN ESM2 3B,3,3.1.4,0.9564270152505446
1125,DNN ESM2 3B,3,3.1.5,0.9777777777777777
1126,DNN ESM2 3B,3,3.1.6,0.8031496062992127
1127,DNN ESM2 3B,3,3.1.7,0.7659574468085106
1128,DNN ESM2 3B,3,3.1.8,0.8000000000000002
1129,DNN ESM2 3B,3,3.11.1,0.9523809523809523
1130,DNN ESM2 3B,3,3.13.1,0.9367088607594938
1131,DNN ESM2 3B,3,3.13.2,0.9230769230769231
1132,DNN ESM2 3B,3,3.2.1,0.9636711281070747
1133,DNN ESM2 3B,3,3.2.2,0.9721048182586645
1134,DNN ESM2 3B,3,3.3.2,0.9042553191489361
1135,DNN ESM2 3B,3,3.4.11,0.9660056657223796
1136,DNN ESM2 3B,3,3.4.13,0.9740259740259739
1137,DNN ESM2 3B,3,3.4.14,0.9341317365269461
1138,DNN ESM2 3B,3,3.4.15,0.993103448275862
1139,DNN ESM2 3B,3,3.4.16,0.9719626168224299
1140,DNN ESM2 3B,3,3.4.17,0.9573033707865167
1141,DNN ESM2 3B,3,3.4.18,0.9787234042553191
1142,DNN ESM2 3B,3,3.4.19,0.9652892561983472
1143,DNN ESM2 3B,3,3.4.21,0.977685950413223
1144,DNN ESM2 3B,3,3.4.22,0.9498327759197324
1145,DNN ESM2 3B,3,3.4.23,0.97911227154047
1146,DNN ESM2 3B,3,3.4.24,0.9809885931558935
1147,DNN ESM2 3B,3,3.4.25,0.9896193771626298
1148,DNN ESM2 3B,3,3.5.1,0.9673704414587331
1149,DNN ESM2 3B,3,3.5.2,0.9602194787379973
1150,DNN ESM2 3B,3,3.5.3,0.9732142857142857
1151,DNN ESM2 3B,3,3.5.4,0.9849587578845221
1152,DNN ESM2 3B,3,3.5.5,0.9273743016759777
1153,DNN ESM2 3B,3,3.5.99,0.9565217391304347
1154,DNN ESM2 3B,3,3.6.1,0.9679516953088714
1155,DNN ESM2 3B,3,3.6.4,0.959479015918958
1156,DNN ESM2 3B,3,3.6.5,0.9964539007092198
1157,DNN ESM2 3B,3,3.7.1,0.8820754716981132
1158,DNN ESM2 3B,3,3.8.1,0.8082191780821918
1159,DNN ESM2 3B,3,3.9.1,0.8679245283018869
1160,DNN ProtBERT,3,3.1.1,0.9403508771929825
1161,DNN ProtBERT,3,3.1.11,0.9144542772861357
1162,DNN ProtBERT,3,3.1.12,1.0
1163,DNN ProtBERT,3,3.1.13,0.9318996415770608
1164,DNN ProtBERT,3,3.1.2,0.8956661316211878
1165,DNN ProtBERT,3,3.1.21,0.9530956848030019
1166,DNN ProtBERT,3,3.1.22,0.8085106382978724
1167,DNN ProtBERT,3,3.1.26,0.9681397738951697
1168,DNN ProtBERT,3,3.1.27,0.8095238095238096
1169,DNN ProtBERT,3,3.1.3,0.9509151414309485
1170,DNN ProtBERT,3,3.1.30,0.9473684210526316
1171,DNN ProtBERT,3,3.1.31,0.9600000000000001
1172,DNN ProtBERT,3,3.1.4,0.9311111111111111
1173,DNN ProtBERT,3,3.1.5,1.0
1174,DNN ProtBERT,3,3.1.6,0.8010610079575596
1175,DNN ProtBERT,3,3.1.7,0.6222222222222222
1176,DNN ProtBERT,3,3.1.8,0.7916666666666667
1177,DNN ProtBERT,3,3.11.1,0.9647058823529412
1178,DNN ProtBERT,3,3.13.1,0.9249999999999999
1179,DNN ProtBERT,3,3.13.2,0.8947368421052632
1180,DNN ProtBERT,3,3.2.1,0.9517241379310345
1181,DNN ProtBERT,3,3.2.2,0.9562231759656652
1182,DNN ProtBERT,3,3.3.2,0.8791208791208791
1183,DNN ProtBERT,3,3.4.11,0.9657142857142857
1184,DNN ProtBERT,3,3.4.13,0.9733333333333335
1185,DNN ProtBERT,3,3.4.14,0.9300911854103343
1186,DNN ProtBERT,3,3.4.15,0.971830985915493
1187,DNN ProtBERT,3,3.4.16,0.9565217391304348
1188,DNN ProtBERT,3,3.4.17,0.9459459459459459
1189,DNN ProtBERT,3,3.4.18,0.9787234042553191
1190,DNN ProtBERT,3,3.4.19,0.9097222222222222
1191,DNN ProtBERT,3,3.4.21,0.9575353871773522
1192,DNN ProtBERT,3,3.4.22,0.9125214408233276
1193,DNN ProtBERT,3,3.4.23,0.9628647214854111
1194,DNN ProtBERT,3,3.4.24,0.9575289575289576
1195,DNN ProtBERT,3,3.4.25,0.9896193771626298
1196,DNN ProtBERT,3,3.5.1,0.9584257206208426
1197,DNN ProtBERT,3,3.5.2,0.9444444444444444
1198,DNN ProtBERT,3,3.5.3,0.9578313253012049
1199,DNN ProtBERT,3,3.5.4,0.97503671071953
1200,DNN ProtBERT,3,3.5.5,0.9050279329608938
1201,DNN ProtBERT,3,3.5.99,0.9473684210526315
1202,DNN ProtBERT,3,3.6.1,0.9554079696394686
1203,DNN ProtBERT,3,3.6.4,0.9416005767844269
1204,DNN ProtBERT,3,3.6.5,0.9893238434163701
1205,DNN ProtBERT,3,3.7.1,0.8809523809523808
1206,DNN ProtBERT,3,3.8.1,0.7972027972027972
1207,DNN ProtBERT,3,3.9.1,0.846153846153846
1208,D-SPACE EC,3,3.1.1,0.7786483839373164
1209,D-SPACE EC,3,3.1.11,0.8269794721407624
1210,D-SPACE EC,3,3.1.12,0.7906976744186047
1211,D-SPACE EC,3,3.1.13,0.7394957983193278
1212,D-SPACE EC,3,3.1.2,0.7832167832167833
1213,D-SPACE EC,3,3.1.21,0.763157894736842
1214,D-SPACE EC,3,3.1.22,0.6
1215,D-SPACE EC,3,3.1.26,0.891025641025641
1216,D-SPACE EC,3,3.1.27,0.5641025641025641
1217,D-SPACE EC,3,3.1.3,0.7777777777777778
1218,D-SPACE EC,3,3.1.30,0.6046511627906976
1219,D-SPACE EC,3,3.1.31,0.5853658536585367
1220,D-SPACE EC,3,3.1.4,0.6276041666666667
1221,D-SPACE EC,3,3.1.5,0.7222222222222222
1222,D-SPACE EC,3,3.1.6,0.7346938775510204
1223,D-SPACE EC,3,3.1.7,0.6363636363636364
1224,D-SPACE EC,3,3.1.8,0.6829268292682927
1225,D-SPACE EC,3,3.11.1,0.8780487804878049
1226,D-SPACE EC,3,3.13.1,0.7777777777777778
1227,D-SPACE EC,3,3.13.2,0.8947368421052632
1228,D-SPACE EC,3,3.2.1,0.8093875214653693
1229,D-SPACE EC,3,3.2.2,0.8003875968992248
1230,D-SPACE EC,3,3.3.2,0.6993865030674845
1231,D-SPACE EC,3,3.4.11,0.8466257668711655
1232,D-SPACE EC,3,3.4.13,0.749063670411985
1233,D-SPACE EC,3,3.4.14,0.8092105263157895
1234,D-SPACE EC,3,3.4.15,0.7906976744186046
1235,D-SPACE EC,3,3.4.16,0.8042328042328042
1236,D-SPACE EC,3,3.4.17,0.7258883248730964
1237,D-SPACE EC,3,3.4.18,0.6285714285714286
1238,D-SPACE EC,3,3.4.19,0.6501901140684411
1239,D-SPACE EC,3,3.4.21,0.8375768217734856
1240,D-SPACE EC,3,3.4.22,0.7034220532319391
1241,D-SPACE EC,3,3.4.23,0.856338028169014
1242,D-SPACE EC,3,3.4.24,0.7838616714697406
1243,D-SPACE EC,3,3.4.25,0.9647887323943661
1244,D-SPACE EC,3,3.5.1,0.8572249353634013
1245,D-SPACE EC,3,3.5.2,0.871345029239766
1246,D-SPACE EC,3,3.5.3,0.8631921824104235
1247,D-SPACE EC,3,3.5.4,0.909467149508536
1248,D-SPACE EC,3,3.5.5,0.7975460122699386
1249,D-SPACE EC,3,3.5.99,0.8703703703703703
1250,D-SPACE EC,3,3.6.1,0.8380755302638385
1251,D-SPACE EC,3,3.6.4,0.8196721311475411
1252,D-SPACE EC,3,3.6.5,0.924812030075188
1253,D-SPACE EC,3,3.7.1,0.7393617021276596
1254,D-SPACE EC,3,3.8.1,0.6
1255,D-SPACE EC,3,3.9.1,0.5652173913043479
1256,DeepEC CNN3,3,3.1.1,0.7283236994219653
1257,DeepEC CNN3,3,3.1.11,0.729281767955801
1258,DeepEC CNN3,3,3.1.12,0.5263157894736842
1259,DeepEC CNN3,3,3.1.13,0.5962264150943396
1260,DeepEC CNN3,3,3.1.2,0.640746500777605
1261,DeepEC CNN3,3,3.1.21,0.6585858585858586
1262,DeepEC CNN3,3,3.1.22,0.44
1263,DeepEC CNN3,3,3.1.26,0.8210961737331954
1264,DeepEC CNN3,3,3.1.27,0.5
1265,DeepEC CNN3,3,3.1.3,0.750339827820571
1266,DeepEC CNN3,3,3.1.30,0.5901639344262295
1267,DeepEC CNN3,3,3.1.31,0.4864864864864865
1268,DeepEC CNN3,3,3.1.4,0.5374855824682814
1269,DeepEC CNN3,3,3.1.5,0.6
1270,DeepEC CNN3,3,3.1.6,0.7500000000000001
1271,DeepEC CNN3,3,3.1.7,0.47058823529411764
1272,DeepEC CNN3,3,3.1.8,0.19999999999999998
1273,DeepEC CNN3,3,3.11.1,0.8192771084337349
1274,DeepEC CNN3,3,3.13.1,0.7654320987654322
1275,DeepEC CNN3,3,3.13.2,0.918918918918919
1276,DeepEC CNN3,3,3.2.1,0.7747344885410844
1277,DeepEC CNN3,3,3.2.2,0.7490774907749077
1278,DeepEC CNN3,3,3.3.2,0.5783132530120482
1279,DeepEC CNN3,3,3.4.11,0.8142857142857143
1280,DeepEC CNN3,3,3.4.13,0.638036809815951
1281,DeepEC CNN3,3,3.4.14,0.7999999999999999
1282,DeepEC CNN3,3,3.4.15,0.768
1283,DeepEC CNN3,3,3.4.16,0.6812227074235807
1284,DeepEC CNN3,3,3.4.17,0.6945812807881773
1285,DeepEC CNN3,3,3.4.18,0.5454545454545454
1286,DeepEC CNN3,3,3.4.19,0.5798319327731092
1287,DeepEC CNN3,3,3.4.21,0.8413441088898341
1288,DeepEC CNN3,3,3.4.22,0.6548672566371682
1289,DeepEC CNN3,3,3.4.23,0.8306451612903226
1290,DeepEC CNN3,3,3.4.24,0.8357235984354628
1291,DeepEC CNN3,3,3.4.25,0.9103942652329748
1292,DeepEC CNN3,3,3.5.1,0.7822270981897971
1293,DeepEC CNN3,3,3.5.2,0.7371134020618557
1294,DeepEC CNN3,3,3.5.3,0.8317152103559871
1295,DeepEC CNN3,3,3.5.4,0.8697863682604273
1296,DeepEC CNN3,3,3.5.5,0.7619047619047619
1297,DeepEC CNN3,3,3.5.99,0.7706422018348624
1298,DeepEC CNN3,3,3.6.1,0.7957208354559347
1299,DeepEC CNN3,3,3.6.4,0.8164383561643836
1300,DeepEC CNN3,3,3.6.5,0.9063670411985019
1301,DeepEC CNN3,3,3.7.1,0.6547314578005116
1302,DeepEC CNN3,3,3.8.1,0.4666666666666667
1303,DeepEC CNN3,3,3.9.1,0.5217391304347827
1304,Models ensemble,3,3.1.1,0.9521299956082565
1305,Models ensemble,3,3.1.11,0.9398280802292264
1306,Models ensemble,3,3.1.12,1.0
1307,Models ensemble,3,3.1.13,0.9473684210526315
1308,Models ensemble,3,3.1.2,0.9070866141732283
1309,Models ensemble,3,3.1.21,0.9589552238805971
1310,Models ensemble,3,3.1.22,0.923076923076923
1311,Models ensemble,3,3.1.26,0.9837067209775968
1312,Models ensemble,3,3.1.27,0.8095238095238096
1313,Models ensemble,3,3.1.3,0.9721767594108018
1314,Models ensemble,3,3.1.30,0.9473684210526316
1315,Models ensemble,3,3.1.31,0.9600000000000001
1316,Models ensemble,3,3.1.4,0.9516483516483517
1317,Models ensemble,3,3.1.5,0.9777777777777777
1318,Models ensemble,3,3.1.6,0.7968337730870712
1319,Models ensemble,3,3.1.7,0.7391304347826088
1320,Models ensemble,3,3.1.8,0.816326530612245
1321,Models ensemble,3,3.11.1,0.9523809523809523
1322,Models ensemble,3,3.13.1,0.9500000000000001
1323,Models ensemble,3,3.13.2,0.9230769230769231
1324,Models ensemble,3,3.2.1,0.9647964796479647
1325,Models ensemble,3,3.2.2,0.969439728353141
1326,Models ensemble,3,3.3.2,0.9042553191489361
1327,Models ensemble,3,3.4.11,0.9646393210749646
1328,Models ensemble,3,3.4.13,0.9836065573770492
1329,Models ensemble,3,3.4.14,0.9337349397590362
1330,Models ensemble,3,3.4.15,0.9790209790209791
1331,Models ensemble,3,3.4.16,0.9665071770334929
1332,Models ensemble,3,3.4.17,0.952808988764045
1333,Models ensemble,3,3.4.18,0.9787234042553191
1334,Models ensemble,3,3.4.19,0.9633333333333334
1335,Models ensemble,3,3.4.21,0.9746782897467828
1336,Models ensemble,3,3.4.22,0.9442567567567569
1337,Models ensemble,3,3.4.23,0.9776609724047307
1338,Models ensemble,3,3.4.24,0.978343949044586
1339,Models ensemble,3,3.4.25,0.9896193771626298
1340,Models ensemble,3,3.5.1,0.9662180719582533
1341,Models ensemble,3,3.5.2,0.9643835616438355
1342,Models ensemble,3,3.5.3,0.9746646795827123
1343,Models ensemble,3,3.5.4,0.9829849295089936
1344,Models ensemble,3,3.5.5,0.9213483146067416
1345,Models ensemble,3,3.5.99,0.9610389610389611
1346,Models ensemble,3,3.6.1,0.9668997668997668
1347,Models ensemble,3,3.6.4,0.958963282937365
1348,Models ensemble,3,3.6.5,1.0
1349,Models ensemble,3,3.7.1,0.8888888888888888
1350,Models ensemble,3,3.8.1,0.8111888111888114
1351,Models ensemble,3,3.9.1,0.8235294117647058
1352,Models + BLASTp,3,3.1.1,0.9574283231972198
1353,Models + BLASTp,3,3.1.11,0.9428571428571428
1354,Models + BLASTp,3,3.1.12,1.0
1355,Models + BLASTp,3,3.1.13,0.9477351916376306
1356,Models + BLASTp,3,3.1.2,0.9082426127527217
1357,Models + BLASTp,3,3.1.21,0.964879852125693
1358,Models + BLASTp,3,3.1.22,0.9642857142857143
1359,Models + BLASTp,3,3.1.26,0.98989898989899
1360,Models + BLASTp,3,3.1.27,0.7999999999999999
1361,Models + BLASTp,3,3.1.3,0.9793103448275862
1362,Models + BLASTp,3,3.1.30,0.983050847457627
1363,Models + BLASTp,3,3.1.31,0.9803921568627451
1364,Models + BLASTp,3,3.1.4,0.9586056644880174
1365,Models + BLASTp,3,3.1.5,1.0
1366,Models + BLASTp,3,3.1.6,0.804177545691906
1367,Models + BLASTp,3,3.1.7,0.7659574468085106
1368,Models + BLASTp,3,3.1.8,0.816326530612245
1369,Models + BLASTp,3,3.11.1,0.9647058823529412
1370,Models + BLASTp,3,3.13.1,0.9629629629629629
1371,Models + BLASTp,3,3.13.2,0.9230769230769231
1372,Models + BLASTp,3,3.2.1,0.9707889707889709
1373,Models + BLASTp,3,3.2.2,0.9738396624472574
1374,Models + BLASTp,3,3.3.2,0.900523560209424
1375,Models + BLASTp,3,3.4.11,0.9649368863955119
1376,Models + BLASTp,3,3.4.13,0.990228013029316
1377,Models + BLASTp,3,3.4.14,0.9317507418397626
1378,Models + BLASTp,3,3.4.15,1.0
1379,Models + BLASTp,3,3.4.16,0.9716981132075472
1380,Models + BLASTp,3,3.4.17,0.9574944071588367
1381,Models + BLASTp,3,3.4.18,0.9787234042553191
1382,Models + BLASTp,3,3.4.19,0.9689034369885433
1383,Models + BLASTp,3,3.4.21,0.9797771357820884
1384,Models + BLASTp,3,3.4.22,0.9522212908633697
1385,Models + BLASTp,3,3.4.23,0.9816753926701571
1386,Models + BLASTp,3,3.4.24,0.9816339455351488
1387,Models + BLASTp,3,3.4.25,0.9896193771626298
1388,Models + BLASTp,3,3.5.1,0.9666666666666667
1389,Models + BLASTp,3,3.5.2,0.9673024523160763
1390,Models + BLASTp,3,3.5.3,0.9792284866468843
1391,Models + BLASTp,3,3.5.4,0.9855072463768114
1392,Models + BLASTp,3,3.5.5,0.9162011173184357
1393,Models + BLASTp,3,3.5.99,0.9613733905579399
1394,Models + BLASTp,3,3.6.1,0.9731729879740981
1395,Models + BLASTp,3,3.6.4,0.9635453895639743
1396,Models + BLASTp,3,3.6.5,1.0
1397,Models + BLASTp,3,3.7.1,0.8904428904428905
1398,Models + BLASTp,3,3.8.1,0.8163265306122449
1399,Models + BLASTp,3,3.9.1,0.9285714285714286
1400,BLASTp,4,4.1.1,0.971996386630533
1401,BLASTp,4,4.1.2,0.9682539682539683
1402,BLASTp,4,4.1.3,0.9389920424403183
1403,BLASTp,4,4.1.99,0.97667638483965
1404,BLASTp,4,4.2.1,0.9711390174047146
1405,BLASTp,4,4.2.2,0.9795158286778398
1406,BLASTp,4,4.2.3,0.9806807727690893
1407,BLASTp,4,4.2.99,0.9533333333333334
1408,BLASTp,4,4.3.1,0.9550561797752809
1409,BLASTp,4,4.3.2,0.9696169088507266
1410,BLASTp,4,4.3.3,0.9836065573770493
1411,BLASTp,4,4.3.99,0.9555555555555557
1412,BLASTp,4,4.4.1,0.9154929577464789
1413,BLASTp,4,4.6.1,0.9588550983899822
1414,BLASTp,4,4.7.1,1.0
1415,BLASTp,4,4.98.1,0.9491525423728813
1416,BLASTp,4,4.99.1,0.9278350515463919
1417,DNN ESM1b,4,4.1.1,0.966686856450636
1418,DNN ESM1b,4,4.1.2,0.9467336683417086
1419,DNN ESM1b,4,4.1.3,0.9243027888446216
1420,DNN ESM1b,4,4.1.99,0.975397973950796
1421,DNN ESM1b,4,4.2.1,0.9658558357509485
1422,DNN ESM1b,4,4.2.2,0.9540229885057472
1423,DNN ESM1b,4,4.2.3,0.9742173112338858
1424,DNN ESM1b,4,4.2.99,0.9621993127147767
1425,DNN ESM1b,4,4.3.1,0.952112676056338
1426,DNN ESM1b,4,4.3.2,0.9853137516688918
1427,DNN ESM1b,4,4.3.3,0.9786223277909739
1428,DNN ESM1b,4,4.3.99,0.9662921348314606
1429,DNN ESM1b,4,4.4.1,0.8927943760984183
1430,DNN ESM1b,4,4.6.1,0.937956204379562
1431,DNN ESM1b,4,4.7.1,0.9655172413793104
1432,DNN ESM1b,4,4.98.1,0.9473684210526316
1433,DNN ESM1b,4,4.99.1,0.956043956043956
1434,DNN ESM2 3B,4,4.1.1,0.9663941871026339
1435,DNN ESM2 3B,4,4.1.2,0.9493927125506073
1436,DNN ESM2 3B,4,4.1.3,0.9322709163346613
1437,DNN ESM2 3B,4,4.1.99,0.9767441860465116
1438,DNN ESM2 3B,4,4.2.1,0.9663269827204253
1439,DNN ESM2 3B,4,4.2.2,0.9540229885057472
1440,DNN ESM2 3B,4,4.2.3,0.9788797061524335
1441,DNN ESM2 3B,4,4.2.99,0.9591836734693877
1442,DNN ESM2 3B,4,4.3.1,0.9533239038189533
1443,DNN ESM2 3B,4,4.3.2,0.983957219251337
1444,DNN ESM2 3B,4,4.3.3,0.9738717339667458
1445,DNN ESM2 3B,4,4.3.99,0.9555555555555557
1446,DNN ESM2 3B,4,4.4.1,0.8904347826086956
1447,DNN ESM2 3B,4,4.6.1,0.9420289855072465
1448,DNN ESM2 3B,4,4.7.1,1.0
1449,DNN ESM2 3B,4,4.98.1,1.0
1450,DNN ESM2 3B,4,4.99.1,0.9613259668508287
1451,DNN ProtBERT,4,4.1.1,0.9604622871046228
1452,DNN ProtBERT,4,4.1.2,0.9485368314833502
1453,DNN ProtBERT,4,4.1.3,0.9124668435013263
1454,DNN ProtBERT,4,4.1.99,0.9736842105263158
1455,DNN ProtBERT,4,4.2.1,0.9591561938958708
1456,DNN ProtBERT,4,4.2.2,0.9272030651340997
1457,DNN ProtBERT,4,4.2.3,0.971375807940905
1458,DNN ProtBERT,4,4.2.99,0.9513888888888888
1459,DNN ProtBERT,4,4.3.1,0.949438202247191
1460,DNN ProtBERT,4,4.3.2,0.9771812080536912
1461,DNN ProtBERT,4,4.3.3,0.976303317535545
1462,DNN ProtBERT,4,4.3.99,0.9425287356321839
1463,DNN ProtBERT,4,4.4.1,0.8651488616462346
1464,DNN ProtBERT,4,4.6.1,0.9236499068901304
1465,DNN ProtBERT,4,4.7.1,1.0
1466,DNN ProtBERT,4,4.98.1,0.9491525423728813
1467,DNN ProtBERT,4,4.99.1,0.943820224719101
1468,D-SPACE EC,4,4.1.1,0.8733483725427006
1469,D-SPACE EC,4,4.1.2,0.8331627430910952
1470,D-SPACE EC,4,4.1.3,0.7983193277310924
1471,D-SPACE EC,4,4.1.99,0.8946564885496183
1472,D-SPACE EC,4,4.2.1,0.8976268031642625
1473,D-SPACE EC,4,4.2.2,0.7239819004524887
1474,D-SPACE EC,4,4.2.3,0.9062801932367149
1475,D-SPACE EC,4,4.2.99,0.8689138576779025
1476,D-SPACE EC,4,4.3.1,0.883720930232558
1477,D-SPACE EC,4,4.3.2,0.93646408839779
1478,D-SPACE EC,4,4.3.3,0.929440389294404
1479,D-SPACE EC,4,4.3.99,0.8333333333333333
1480,D-SPACE EC,4,4.4.1,0.8076190476190476
1481,D-SPACE EC,4,4.6.1,0.779324055666004
1482,D-SPACE EC,4,4.7.1,1.0
1483,D-SPACE EC,4,4.98.1,0.9180327868852458
1484,D-SPACE EC,4,4.99.1,0.7948717948717948
1485,DeepEC CNN3,4,4.1.1,0.8007825236387349
1486,DeepEC CNN3,4,4.1.2,0.7041666666666666
1487,DeepEC CNN3,4,4.1.3,0.7411598302687412
1488,DeepEC CNN3,4,4.1.99,0.8445839874411303
1489,DeepEC CNN3,4,4.2.1,0.847592332865825
1490,DeepEC CNN3,4,4.2.2,0.607350096711799
1491,DeepEC CNN3,4,4.2.3,0.8601532567049809
1492,DeepEC CNN3,4,4.2.99,0.7537313432835822
1493,DeepEC CNN3,4,4.3.1,0.804154302670623
1494,DeepEC CNN3,4,4.3.2,0.875968992248062
1495,DeepEC CNN3,4,4.3.3,0.8883610451306414
1496,DeepEC CNN3,4,4.3.99,0.7954545454545455
1497,DeepEC CNN3,4,4.4.1,0.7400722021660651
1498,DeepEC CNN3,4,4.6.1,0.7191011235955055
1499,DeepEC CNN3,4,4.7.1,1.0
1500,DeepEC CNN3,4,4.98.1,0.8813559322033899
1501,DeepEC CNN3,4,4.99.1,0.6900584795321638
1502,Models ensemble,4,4.1.1,0.9687973341411693
1503,Models ensemble,4,4.1.2,0.9516129032258064
1504,Models ensemble,4,4.1.3,0.9269588313413014
1505,Models ensemble,4,4.1.99,0.9782293178519594
1506,Models ensemble,4,4.2.1,0.9676411515286766
1507,Models ensemble,4,4.2.2,0.9518304431599229
1508,Models ensemble,4,4.2.3,0.9733210671573137
1509,Models ensemble,4,4.2.99,0.9621993127147767
1510,Models ensemble,4,4.3.1,0.9563994374120958
1511,Models ensemble,4,4.3.2,0.9866310160427808
1512,Models ensemble,4,4.3.3,0.9786223277909739
1513,Models ensemble,4,4.3.99,0.9662921348314606
1514,Models ensemble,4,4.4.1,0.8842105263157896
1515,Models ensemble,4,4.6.1,0.9360146252285192
1516,Models ensemble,4,4.7.1,1.0
1517,Models ensemble,4,4.98.1,1.0
1518,Models ensemble,4,4.99.1,0.9555555555555556
1519,Models + BLASTp,4,4.1.1,0.9690225563909775
1520,Models + BLASTp,4,4.1.2,0.9612711022840118
1521,Models + BLASTp,4,4.1.3,0.935611038107753
1522,Models + BLASTp,4,4.1.99,0.9768115942028985
1523,Models + BLASTp,4,4.2.1,0.9709469948990909
1524,Models + BLASTp,4,4.2.2,0.9659090909090909
1525,Models + BLASTp,4,4.2.3,0.978021978021978
1526,Models + BLASTp,4,4.2.99,0.9589041095890412
1527,Models + BLASTp,4,4.3.1,0.9622377622377623
1528,Models + BLASTp,4,4.3.2,0.9866666666666667
1529,Models + BLASTp,4,4.3.3,0.9834515366430261
1530,Models + BLASTp,4,4.3.99,0.9662921348314606
1531,Models + BLASTp,4,4.4.1,0.8984509466437177
1532,Models + BLASTp,4,4.6.1,0.9513513513513513
1533,Models + BLASTp,4,4.7.1,1.0
1534,Models + BLASTp,4,4.98.1,0.9491525423728813
1535,Models + BLASTp,4,4.99.1,0.9617486338797814
1536,BLASTp,5,5.1.1,0.9633620689655172
1537,BLASTp,5,5.1.2,0.9452054794520549
1538,BLASTp,5,5.1.3,0.9565217391304348
1539,BLASTp,5,5.1.99,0.902127659574468
1540,BLASTp,5,5.2.1,0.9691211401425178
1541,BLASTp,5,5.3.1,0.9943502824858756
1542,BLASTp,5,5.3.2,0.9613733905579399
1543,BLASTp,5,5.3.3,0.899581589958159
1544,BLASTp,5,5.3.4,0.9767441860465117
1545,BLASTp,5,5.3.99,0.968
1546,BLASTp,5,5.4.2,0.9942857142857143
1547,BLASTp,5,5.4.3,0.9975786924939467
1548,BLASTp,5,5.4.4,0.8627450980392156
1549,BLASTp,5,5.4.99,0.9887976101568334
1550,BLASTp,5,5.5.1,0.8926174496644295
1551,BLASTp,5,5.6.1,0.9811320754716981
1552,BLASTp,5,5.6.2,1.0
1553,BLASTp,5,5.99.1,1.0
1554,DNN ESM1b,5,5.1.1,0.9684439608269858
1555,DNN ESM1b,5,5.1.2,0.8979591836734694
1556,DNN ESM1b,5,5.1.3,0.95136186770428
1557,DNN ESM1b,5,5.1.99,0.9
1558,DNN ESM1b,5,5.2.1,0.9640287769784172
1559,DNN ESM1b,5,5.3.1,0.9937106918238994
1560,DNN ESM1b,5,5.3.2,0.9491525423728814
1561,DNN ESM1b,5,5.3.3,0.9006622516556292
1562,DNN ESM1b,5,5.3.4,0.9767441860465117
1563,DNN ESM1b,5,5.3.99,0.9377593360995852
1564,DNN ESM1b,5,5.4.2,0.9904397705544934
1565,DNN ESM1b,5,5.4.3,0.9903381642512078
1566,DNN ESM1b,5,5.4.4,0.782608695652174
1567,DNN ESM1b,5,5.4.99,0.9887976101568334
1568,DNN ESM1b,5,5.5.1,0.8843537414965985
1569,DNN ESM1b,5,5.6.1,0.9809523809523809
1570,DNN ESM1b,5,5.6.2,1.0
1571,DNN ESM1b,5,5.99.1,1.0
1572,DNN ESM2 3B,5,5.1.1,0.9695652173913043
1573,DNN ESM2 3B,5,5.1.2,0.8827586206896552
1574,DNN ESM2 3B,5,5.1.3,0.9524733268671193
1575,DNN ESM2 3B,5,5.1.99,0.8796680497925312
1576,DNN ESM2 3B,5,5.2.1,0.9617224880382774
1577,DNN ESM2 3B,5,5.3.1,0.991183879093199
1578,DNN ESM2 3B,5,5.3.2,0.9572649572649573
1579,DNN ESM2 3B,5,5.3.3,0.8980477223427331
1580,DNN ESM2 3B,5,5.3.4,0.9767441860465117
1581,DNN ESM2 3B,5,5.3.99,0.9387755102040818
1582,DNN ESM2 3B,5,5.4.2,0.9942857142857143
1583,DNN ESM2 3B,5,5.4.3,0.9927710843373494
1584,DNN ESM2 3B,5,5.4.4,0.782608695652174
1585,DNN ESM2 3B,5,5.4.99,0.9910313901345292
1586,DNN ESM2 3B,5,5.5.1,0.8807947019867549
1587,DNN ESM2 3B,5,5.6.1,0.9809523809523809
1588,DNN ESM2 3B,5,5.6.2,1.0
1589,DNN ESM2 3B,5,5.99.1,1.0
1590,DNN ProtBERT,5,5.1.1,0.9694323144104803
1591,DNN ProtBERT,5,5.1.2,0.8827586206896552
1592,DNN ProtBERT,5,5.1.3,0.9383697813121272
1593,DNN ProtBERT,5,5.1.99,0.869198312236287
1594,DNN ProtBERT,5,5.2.1,0.9643705463182898
1595,DNN ProtBERT,5,5.3.1,0.9854153455928979
1596,DNN ProtBERT,5,5.3.2,0.970464135021097
1597,DNN ProtBERT,5,5.3.3,0.8758169934640524
1598,DNN ProtBERT,5,5.3.4,0.9767441860465117
1599,DNN ProtBERT,5,5.3.99,0.9224489795918367
1600,DNN ProtBERT,5,5.4.2,0.9885496183206107
1601,DNN ProtBERT,5,5.4.3,0.9878345498783455
1602,DNN ProtBERT,5,5.4.4,0.8
1603,DNN ProtBERT,5,5.4.99,0.9865470852017937
1604,DNN ProtBERT,5,5.5.1,0.877076411960133
1605,DNN ProtBERT,5,5.6.1,0.9809523809523809
1606,DNN ProtBERT,5,5.6.2,0.9724770642201834
1607,DNN ProtBERT,5,5.99.1,1.0
1608,D-SPACE EC,5,5.1.1,0.8875878220140515
1609,D-SPACE EC,5,5.1.2,0.7846153846153845
1610,D-SPACE EC,5,5.1.3,0.8380952380952381
1611,D-SPACE EC,5,5.1.99,0.8085106382978724
1612,D-SPACE EC,5,5.2.1,0.8844221105527639
1613,D-SPACE EC,5,5.3.1,0.9566903684550744
1614,D-SPACE EC,5,5.3.2,0.9049773755656108
1615,D-SPACE EC,5,5.3.3,0.8127853881278538
1616,D-SPACE EC,5,5.3.4,0.8421052631578948
1617,D-SPACE EC,5,5.3.99,0.72
1618,D-SPACE EC,5,5.4.2,0.95703125
1619,D-SPACE EC,5,5.4.3,0.9597989949748743
1620,D-SPACE EC,5,5.4.4,0.39999999999999997
1621,D-SPACE EC,5,5.4.99,0.8819776714513556
1622,D-SPACE EC,5,5.5.1,0.7094339622641509
1623,D-SPACE EC,5,5.6.1,0.966183574879227
1624,D-SPACE EC,5,5.6.2,0.7333333333333333
1625,D-SPACE EC,5,5.99.1,0.8695652173913044
1626,DeepEC CNN3,5,5.1.1,0.8424821002386634
1627,DeepEC CNN3,5,5.1.2,0.7218045112781956
1628,DeepEC CNN3,5,5.1.3,0.8016789087093388
1629,DeepEC CNN3,5,5.1.99,0.7305936073059361
1630,DeepEC CNN3,5,5.2.1,0.8205128205128205
1631,DeepEC CNN3,5,5.3.1,0.9102646868947708
1632,DeepEC CNN3,5,5.3.2,0.7685185185185185
1633,DeepEC CNN3,5,5.3.3,0.6420323325635103
1634,DeepEC CNN3,5,5.3.4,0.8837209302325582
1635,DeepEC CNN3,5,5.3.99,0.7081339712918661
1636,DeepEC CNN3,5,5.4.2,0.9501915708812261
1637,DeepEC CNN3,5,5.4.3,0.9530864197530864
1638,DeepEC CNN3,5,5.4.4,0.22222222222222224
1639,DeepEC CNN3,5,5.4.99,0.8641596316193401
1640,DeepEC CNN3,5,5.5.1,0.6333333333333333
1641,DeepEC CNN3,5,5.6.1,0.9619047619047619
1642,DeepEC CNN3,5,5.6.2,0.74
1643,DeepEC CNN3,5,5.99.1,0.42424242424242425
1644,Models ensemble,5,5.1.1,0.9695652173913043
1645,Models ensemble,5,5.1.2,0.8749999999999999
1646,Models ensemble,5,5.1.3,0.9500489715964742
1647,Models ensemble,5,5.1.99,0.8833333333333333
1648,Models ensemble,5,5.2.1,0.9640287769784172
1649,Models ensemble,5,5.3.1,0.9930599369085172
1650,Models ensemble,5,5.3.2,0.9572649572649573
1651,Models ensemble,5,5.3.3,0.8903508771929824
1652,Models ensemble,5,5.3.4,0.9767441860465117
1653,Models ensemble,5,5.3.99,0.9421487603305786
1654,Models ensemble,5,5.4.2,0.9923664122137406
1655,Models ensemble,5,5.4.3,0.9927360774818401
1656,Models ensemble,5,5.4.4,0.782608695652174
1657,Models ensemble,5,5.4.99,0.991044776119403
1658,Models ensemble,5,5.5.1,0.8896321070234113
1659,Models ensemble,5,5.6.1,0.9809523809523809
1660,Models ensemble,5,5.6.2,1.0
1661,Models ensemble,5,5.99.1,1.0
1662,Models + BLASTp,5,5.1.1,0.9697624190064795
1663,Models + BLASTp,5,5.1.2,0.912751677852349
1664,Models + BLASTp,5,5.1.3,0.9593810444874274
1665,Models + BLASTp,5,5.1.99,0.8925619834710744
1666,Models + BLASTp,5,5.2.1,0.9642004773269691
1667,Models + BLASTp,5,5.3.1,0.9949622166246851
1668,Models + BLASTp,5,5.3.2,0.9747899159663865
1669,Models + BLASTp,5,5.3.3,0.9087048832271761
1670,Models + BLASTp,5,5.3.4,0.9767441860465117
1671,Models + BLASTp,5,5.3.99,0.946938775510204
1672,Models + BLASTp,5,5.4.2,0.9942857142857143
1673,Models + BLASTp,5,5.4.3,0.9951690821256038
1674,Models + BLASTp,5,5.4.4,0.8085106382978724
1675,Models + BLASTp,5,5.4.99,0.9917971662938107
1676,Models + BLASTp,5,5.5.1,0.898360655737705
1677,Models + BLASTp,5,5.6.1,0.9809523809523809
1678,Models + BLASTp,5,5.6.2,1.0
1679,Models + BLASTp,5,5.99.1,1.0
1680,BLASTp,6,6.1.1,0.9995717344753747
1681,BLASTp,6,6.2.1,0.9675270607826811
1682,BLASTp,6,6.3.1,0.9731958762886598
1683,BLASTp,6,6.3.2,0.9839846252402307
1684,BLASTp,6,6.3.3,0.9951219512195122
1685,BLASTp,6,6.3.4,0.9863760217983651
1686,BLASTp,6,6.3.5,0.9956024626209322
1687,BLASTp,6,6.4.1,0.8931297709923663
1688,BLASTp,6,6.5.1,1.0
1689,BLASTp,6,6.6.1,0.983050847457627
1690,DNN ESM1b,6,6.1.1,0.9995713673381912
1691,DNN ESM1b,6,6.2.1,0.9750415973377704
1692,DNN ESM1b,6,6.3.1,0.9690721649484536
1693,DNN ESM1b,6,6.3.2,0.9755154639175257
1694,DNN ESM1b,6,6.3.3,0.9801980198019802
1695,DNN ESM1b,6,6.3.4,0.9880624426078972
1696,DNN ESM1b,6,6.3.5,0.9964664310954063
1697,DNN ESM1b,6,6.4.1,0.8749999999999999
1698,DNN ESM1b,6,6.5.1,1.0
1699,DNN ESM1b,6,6.6.1,0.983050847457627
1700,DNN ESM2 3B,6,6.1.1,0.9995713673381912
1701,DNN ESM2 3B,6,6.2.1,0.9631490787269682
1702,DNN ESM2 3B,6,6.3.1,0.9731958762886598
1703,DNN ESM2 3B,6,6.3.2,0.9807445442875481
1704,DNN ESM2 3B,6,6.3.3,0.9850746268656716
1705,DNN ESM2 3B,6,6.3.4,0.9862258953168045
1706,DNN ESM2 3B,6,6.3.5,0.998236331569665
1707,DNN ESM2 3B,6,6.4.1,0.8686131386861314
1708,DNN ESM2 3B,6,6.5.1,0.9968847352024921
1709,DNN ESM2 3B,6,6.6.1,0.983050847457627
1710,DNN ProtBERT,6,6.1.1,0.9991423670668954
1711,DNN ProtBERT,6,6.2.1,0.9640768588137009
1712,DNN ProtBERT,6,6.3.1,0.9586776859504132
1713,DNN ProtBERT,6,6.3.2,0.9747899159663865
1714,DNN ProtBERT,6,6.3.3,0.9850746268656716
1715,DNN ProtBERT,6,6.3.4,0.9843317972350231
1716,DNN ProtBERT,6,6.3.5,0.9938325991189427
1717,DNN ProtBERT,6,6.4.1,0.8452830188679247
1718,DNN ProtBERT,6,6.5.1,0.9968847352024921
1719,DNN ProtBERT,6,6.6.1,0.9473684210526316
1720,D-SPACE EC,6,6.1.1,0.9647887323943661
1721,D-SPACE EC,6,6.2.1,0.9212531752751906
1722,D-SPACE EC,6,6.3.1,0.8666666666666667
1723,D-SPACE EC,6,6.3.2,0.9038854805725971
1724,D-SPACE EC,6,6.3.3,0.8817204301075269
1725,D-SPACE EC,6,6.3.4,0.9447619047619047
1726,D-SPACE EC,6,6.3.5,0.9380203515263644
1727,D-SPACE EC,6,6.4.1,0.748936170212766
1728,D-SPACE EC,6,6.5.1,0.9210526315789473
1729,D-SPACE EC,6,6.6.1,0.8235294117647058
1730,DeepEC CNN3,6,6.1.1,0.9725010912265386
1731,DeepEC CNN3,6,6.2.1,0.9004115226337449
1732,DeepEC CNN3,6,6.3.1,0.8521739130434783
1733,DeepEC CNN3,6,6.3.2,0.8702770780856424
1734,DeepEC CNN3,6,6.3.3,0.8775510204081632
1735,DeepEC CNN3,6,6.3.4,0.9021739130434783
1736,DeepEC CNN3,6,6.3.5,0.9345132743362832
1737,DeepEC CNN3,6,6.4.1,0.6639999999999999
1738,DeepEC CNN3,6,6.5.1,0.844311377245509
1739,DeepEC CNN3,6,6.6.1,0.75
1740,Models ensemble,6,6.1.1,0.9995713673381912
1741,Models ensemble,6,6.2.1,0.9733333333333333
1742,Models ensemble,6,6.3.1,0.9669421487603306
1743,Models ensemble,6,6.3.2,0.9794079794079793
1744,Models ensemble,6,6.3.3,0.99009900990099
1745,Models ensemble,6,6.3.4,0.9880404783808647
1746,Models ensemble,6,6.3.5,0.997352162400706
1747,Models ensemble,6,6.4.1,0.8773234200743494
1748,Models ensemble,6,6.5.1,0.9968847352024921
1749,Models ensemble,6,6.6.1,0.983050847457627
1750,Models + BLASTp,6,6.1.1,0.9995713673381912
1751,Models + BLASTp,6,6.2.1,0.9751243781094527
1752,Models + BLASTp,6,6.3.1,0.9733059548254619
1753,Models + BLASTp,6,6.3.2,0.9807445442875481
1754,Models + BLASTp,6,6.3.3,0.99009900990099
1755,Models + BLASTp,6,6.3.4,0.9890310786106034
1756,Models + BLASTp,6,6.3.5,0.9991189427312775
1757,Models + BLASTp,6,6.4.1,0.8823529411764706
1758,Models + BLASTp,6,6.5.1,1.0
1759,Models + BLASTp,6,6.6.1,0.983050847457627
1760,BLASTp,7,7.1.1,0.9884105960264901
1761,BLASTp,7,7.1.2,0.9877300613496932
1762,BLASTp,7,7.1.3,1.0
1763,BLASTp,7,7.2.1,0.954954954954955
1764,BLASTp,7,7.2.2,0.966789667896679
1765,BLASTp,7,7.2.4,0.88
1766,BLASTp,7,7.3.2,0.9735449735449735
1767,BLASTp,7,7.4.2,0.9530685920577616
1768,BLASTp,7,7.5.2,0.9696969696969697
1769,BLASTp,7,7.6.2,0.9694117647058824
1770,DNN ESM1b,7,7.1.1,0.9825726141078838
1771,DNN ESM1b,7,7.1.2,0.9907692307692307
1772,DNN ESM1b,7,7.1.3,1.0
1773,DNN ESM1b,7,7.2.1,0.9911504424778761
1774,DNN ESM1b,7,7.2.2,0.9626865671641791
1775,DNN ESM1b,7,7.2.4,0.9795918367346939
1776,DNN ESM1b,7,7.3.2,0.9574468085106383
1777,DNN ESM1b,7,7.4.2,0.946969696969697
1778,DNN ESM1b,7,7.5.2,0.9795918367346939
1779,DNN ESM1b,7,7.6.2,0.9605568445475637
1780,DNN ESM2 3B,7,7.1.1,0.9834437086092715
1781,DNN ESM2 3B,7,7.1.2,0.9877300613496932
1782,DNN ESM2 3B,7,7.1.3,1.0
1783,DNN ESM2 3B,7,7.2.1,0.9734513274336283
1784,DNN ESM2 3B,7,7.2.2,0.9739776951672863
1785,DNN ESM2 3B,7,7.2.4,0.96
1786,DNN ESM2 3B,7,7.3.2,0.96875
1787,DNN ESM2 3B,7,7.4.2,0.9591078066914498
1788,DNN ESM2 3B,7,7.5.2,0.9591836734693877
1789,DNN ESM2 3B,7,7.6.2,0.9626168224299064
1790,DNN ProtBERT,7,7.1.1,0.9767827529021559
1791,DNN ProtBERT,7,7.1.2,0.9877300613496932
1792,DNN ProtBERT,7,7.1.3,1.0
1793,DNN ProtBERT,7,7.2.1,0.9821428571428572
1794,DNN ProtBERT,7,7.2.2,0.9662921348314606
1795,DNN ProtBERT,7,7.2.4,0.96
1796,DNN ProtBERT,7,7.3.2,0.9625668449197862
1797,DNN ProtBERT,7,7.4.2,0.9201520912547527
1798,DNN ProtBERT,7,7.5.2,0.9795918367346939
1799,DNN ProtBERT,7,7.6.2,0.9557109557109558
1800,D-SPACE EC,7,7.1.1,0.9411764705882353
1801,D-SPACE EC,7,7.1.2,0.9625
1802,D-SPACE EC,7,7.1.3,0.9032258064516129
1803,D-SPACE EC,7,7.2.1,0.8869565217391304
1804,D-SPACE EC,7,7.2.2,0.8897637795275591
1805,D-SPACE EC,7,7.2.4,0.9387755102040817
1806,D-SPACE EC,7,7.3.2,0.911917098445596
1807,D-SPACE EC,7,7.4.2,0.8755020080321284
1808,D-SPACE EC,7,7.5.2,0.9484536082474228
1809,D-SPACE EC,7,7.6.2,0.8356164383561645
1810,DeepEC CNN3,7,7.1.1,0.9203688181056161
1811,DeepEC CNN3,7,7.1.2,0.9696969696969697
1812,DeepEC CNN3,7,7.1.3,0.9032258064516129
1813,DeepEC CNN3,7,7.2.1,0.7787610619469025
1814,DeepEC CNN3,7,7.2.2,0.8442622950819672
1815,DeepEC CNN3,7,7.2.4,0.8510638297872342
1816,DeepEC CNN3,7,7.3.2,0.8617021276595744
1817,DeepEC CNN3,7,7.4.2,0.8191881918819188
1818,DeepEC CNN3,7,7.5.2,0.7931034482758621
1819,DeepEC CNN3,7,7.6.2,0.8418708240534521
1820,Models ensemble,7,7.1.1,0.983388704318937
1821,Models ensemble,7,7.1.2,0.9877300613496932
1822,Models ensemble,7,7.1.3,1.0
1823,Models ensemble,7,7.2.1,0.9821428571428572
1824,Models ensemble,7,7.2.2,0.9699248120300751
1825,Models ensemble,7,7.2.4,0.96
1826,Models ensemble,7,7.3.2,0.9574468085106383
1827,Models ensemble,7,7.4.2,0.9438202247191011
1828,Models ensemble,7,7.5.2,0.9795918367346939
1829,Models ensemble,7,7.6.2,0.9626168224299064
1830,Models + BLASTp,7,7.1.1,0.9850993377483444
1831,Models + BLASTp,7,7.1.2,0.9877300613496932
1832,Models + BLASTp,7,7.1.3,1.0
1833,Models + BLASTp,7,7.2.1,0.9734513274336283
1834,Models + BLASTp,7,7.2.2,0.9739776951672863
1835,Models + BLASTp,7,7.2.4,0.96
1836,Models + BLASTp,7,7.3.2,0.9738219895287958
1837,Models + BLASTp,7,7.4.2,0.9555555555555555
1838,Models + BLASTp,7,7.5.2,0.9795918367346939
1839,Models + BLASTp,7,7.6.2,0.9723502304147466
