accession,EC1,EC2,EC3,EC4
Q7XQ85,4,4.4,4.4.1,4.4.1.14
A0A0P0WIY3,4,4.4,4.4.1,4.4.1.14
Q43309,4,4.4,4.4.1,4.4.1.14
P29535,4,4.4,4.4.1,4.4.1.14
A0A0P0UZP7,4,4.4,4.4.1,4.4.1.14
Q9SNN8,4,4.4,4.4.1,4.4.1.14
Q9T065,4,4.4,4.4.1,4.4.1.14
P27486,4,4.4,4.4.1,4.4.1.14
P31531,4,4.4,4.4.1,4.4.1.14
Q01912,4,4.4,4.4.1,4.4.1.14
A7F996,4,4.2,4.2.1,4.2.1.10
B6Q3C6,4,4.2,4.2.1,4.2.1.10
Q4PIL0,4,4.2,4.2.1,4.2.1.10
A1C408,1,1.13,1.13.11,1.13.11.6
B0XVP0,1,1.13,1.13.11,1.13.11.6
Q75CP6,1,1.13,1.13.11,1.13.11.6
Q0D1U6,1,1.13,1.13.11,1.13.11.6
Q87VV5,3,3.2,3.2.2,
Q2K4W8,3,3.2,3.2.2,
Q98DR6,3,3.2,3.2.2,
Q7UG12,3,3.2,3.2.2,
Q2IW19,3,3.2,3.2.2,
Q214R5,3,3.2,3.2.2,
A8GX84,3,3.2,3.2.2,
Q59104,1,1.1,1.1.1,1.1.1.61
P56653,3,3.1,3.1.2,3.1.2.23
B9J8G8,5,5.1,5.1.1,5.1.1.8
B9JHU6,5,5.1,5.1.1,5.1.1.8
B0VB44,5,5.1,5.1.1,5.1.1.8
B9JQV3,5,5.1,5.1.1,5.1.1.4;5.1.1.8
Q6D2R1,3,3.1,3.1.3,3.1.3.89
O13287,1,1.1,1.1.1,1.1.1.44
Q9PKX7,1,1.1,1.1.1,1.1.1.44
O84066,1,1.1,1.1.1,1.1.1.44
O60037,1,1.1,1.1.1,1.1.1.44
P41572,1,1.1,1.1.1,1.1.1.44
C8VP36,1,1.1,1.1.1,1.1.1.44
P43774,1,1.1,1.1.1,1.1.1.44
P52209,1,1.1,1.1.1,1.1.1.44
A0A096SRM5,2,2.4,2.4.1,
I1L3T1,2,2.4,2.4.1,2.4.1.218;2.4.1.360
A0A517FNC4,1,1.14,1.14.14,
K4GGT4,2,2.4,2.4.1,
A0A2R4LMF9,2,2.4,2.4.1,
U3KPV4,2,2.4,2.4.1,2.4.1.87
A0A4Z3,2,2.4,2.4.1,2.4.1.87
P0C2L1,4,4.6,4.6.1,
C0JB14,4,4.6,4.6.1,
C0JB23,4,4.6,4.6.1,
Q802W2,1,1.2,1.2.1,1.2.1.3;1.2.1.47
Q0CGA6,1,1.14,1.14.99,1.14.99.55
A0A151V4J3,1,1.14,1.14.99,1.14.99.55
H9A1V3,6,6.2,6.2.1,
Q9SEY5,6,6.2,6.2.1,
Q9FFE6,6,6.2,6.2.1,
D9XDR8,4,4.2,4.2.3,4.2.3.7
D9J0Z7,2,2.1,2.1.1,2.1.1.273;2.1.1.277
D9J100,2,2.1,2.1.1,2.1.1.273;2.1.1.274;2.1.1.277
A0P8X0,3,3.2,3.2.1,3.2.1.1
P37898,3,3.4,3.4.11,
P21133,2,2.3,2.3.1,2.3.1.164
Q2T9S8,2,2.6,2.6.1,2.6.1.1
Q7TSV6,2,2.6,2.6.1,2.6.1.1
Q22067,2,2.6,2.6.1,2.6.1.1
P28734,2,2.6,2.6.1,2.6.1.1
P08906,2,2.6,2.6.1,2.6.1.1;2.6.1.3
P05201,2,2.6,2.6.1,2.6.1.1;2.6.1.3
Q9MA15,2,2.7,2.7.11,2.7.11.1
Q93Y08,2,2.7,2.7.11,2.7.11.1
Q9P7V2,7,7.6,7.6.2,7.6.2.2
Q8K440,7,7.6,7.6.2,
Q9BZC7,7,7.6,7.6.2,
Q9ESR9,7,7.6,7.6.2,
Q8R420,7,7.6,7.6.2,7.6.2.1;7.6.2.2
F1MWM0,7,7.6,7.6.2,7.6.2.1
O35600,7,7.6,7.6.2,7.6.2.1
A8APA8,3,3.5,3.5.1,3.5.1.135
P67604,3,3.5,3.5.1,3.5.1.135
A7FJ89,3,3.5,3.5.1,3.5.1.135
A4YGN2,1,1.3,1.3.1,1.3.1.84
Q975C8,1,1.3,1.3.1,1.3.1.84
Q9VIP7,3,3.5,3.5.1,3.5.1.23
A5G0K5,2,2.1,2.1.3,2.1.3.15
A3N2D4,2,2.1,2.1.3,2.1.3.15
B6JAC0,2,2.1,2.1.3,2.1.3.15
B9JBU0,2,2.1,2.1.3,2.1.3.15
A8EWE9,2,2.1,2.1.3,2.1.3.15
Q5WEF5,2,2.1,2.1.3,2.1.3.15
A8MLP2,2,2.1,2.1.3,2.1.3.15
P46316,2,2.1,2.1.3,2.1.3.15
A6LSD1,2,2.1,2.1.3,2.1.3.15
Q0TRG2,2,2.1,2.1.3,2.1.3.15
B6J4K5,2,2.1,2.1.3,2.1.3.15
A7MEM7,2,2.1,2.1.3,2.1.3.15
O19903,2,2.1,2.1.3,2.1.3.15
Q92ME2,2,2.1,2.1.3,2.1.3.15
Q7TTY7,2,2.1,2.1.3,2.1.3.15
Q2J2R7,2,2.1,2.1.3,2.1.3.15
Q6NCG4,2,2.1,2.1.3,2.1.3.15
Q16BI0,2,2.1,2.1.3,2.1.3.15
Q5LME7,2,2.1,2.1.3,2.1.3.15
B2A865,2,2.1,2.1.3,2.1.3.15
A8M4V8,2,2.1,2.1.3,2.1.3.15
A9NFE8,2,2.1,2.1.3,2.1.3.15
B0VRF9,2,2.1,2.1.3,2.1.3.15
A6VP44,2,2.1,2.1.3,2.1.3.15
A0KLN6,2,2.1,2.1.3,2.1.3.15
Q0G9L0,2,2.1,2.1.3,2.1.3.15
Q9BBS1,2,2.1,2.1.3,2.1.3.15
Q65TC9,2,2.1,2.1.3,2.1.3.15
A6VWY7,2,2.1,2.1.3,2.1.3.15
Q604P5,2,2.1,2.1.3,2.1.3.15
A7IFZ8,2,2.1,2.1.3,2.1.3.15
Q94A78,1,1.14,,
Q5EAD4,1,1.3,1.3.8,1.3.8.5
P45954,1,1.3,1.3.8,1.3.8.5
P52042,1,1.3,1.3.8,1.3.8.1
C3UVB0,1,1.3,1.3.99,1.3.99.32
Q58010,6,6.2,6.2.1,6.2.1.13
P38433,3,3.1,3.1.1,3.1.1.7
Q58DD0,3,3.4,3.4.17,3.4.17.23
A4T166,2,2.7,2.7.2,2.7.2.1
Q73T33,2,2.7,2.7.2,2.7.2.1
Q98QX2,2,2.7,2.7.2,2.7.2.1
A1UAA8,2,2.7,2.7.2,2.7.2.1
B2A8I5,2,2.7,2.7.2,2.7.2.1
Q1QPW6,2,2.7,2.7.2,2.7.2.1
B2J068,2,2.7,2.7.2,2.7.2.1
Q2UPA9,6,6.3,6.3.2,
P83855,4,4.6,4.6.1,4.6.1.1
P81730,3,3.4,3.4.24,
P53585,2,2.3,2.3.3,2.3.3.8
Q54YA0,2,2.3,2.3.3,2.3.3.8
P16638,2,2.3,2.3.3,2.3.3.8
A6T5D6,3,3.1,3.1.4,3.1.4.14
Q7N0I2,3,3.1,3.1.4,3.1.4.14
P19205,3,3.4,3.4.19,3.4.19.1
A9MM59,3,3.1,3.1.4,3.1.4.14
Q3AEB5,2,2.7,2.7.8,2.7.8.7
Q3J5W3,2,2.7,2.7.8,2.7.8.7
A9WE63,2,2.7,2.7.8,2.7.8.7
Q5L623,2,2.7,2.7.8,2.7.8.7
Q820E7,2,2.7,2.7.8,2.7.8.7
Q254H8,2,2.7,2.7.8,2.7.8.7
Q9PKT6,2,2.7,2.7.8,2.7.8.7
Q820I1,2,2.7,2.7.8,2.7.8.7
Q2Y864,2,2.7,2.7.8,2.7.8.7
A6Q3W1,2,2.7,2.7.8,2.7.8.7
Q5Z0D8,2,2.7,2.7.8,2.7.8.7
Q8ESK9,2,2.7,2.7.8,2.7.8.7
Q04DI0,2,2.7,2.7.8,2.7.8.7
B3CQ27,2,2.7,2.7.8,2.7.8.7
A7HX46,2,2.7,2.7.8,2.7.8.7
A1JKK7,2,2.7,2.7.8,2.7.8.7
P37623,2,2.7,2.7.8,2.7.8.7
Q9I558,6,6.2,6.2.1,6.2.1.1
Q59167,2,2.4,2.4.1,2.4.1.12
Q9HV66,6,6.2,6.2.1,6.2.1.1
A0KNI2,6,6.2,6.2.1,6.2.1.1
Q9KWA3,6,6.2,6.2.1,6.2.1.1
B9JV43,6,6.2,6.2.1,6.2.1.1
Q0AAW0,6,6.2,6.2.1,6.2.1.1
A1UR36,6,6.2,6.2.1,6.2.1.1
Q85FX6,1,1.14,1.14.13,1.14.13.81
Q6B8U1,1,1.14,1.14.13,1.14.13.81
Q7U6Y8,1,1.14,1.14.13,1.14.13.81
A3PD22,1,1.14,1.14.13,1.14.13.81
A9BAI8,1,1.14,1.14.13,1.14.13.81
Q7V3Y9,1,1.14,1.14.13,1.14.13.81
Q6N9J7,1,1.14,1.14.13,1.14.13.81
A2XLF2,3,3.6,3.6.4,
P30164,3,3.6,3.6.4,
P41112,3,3.6,3.6.4,
Q9Y702,3,3.6,3.6.4,
P53470,3,3.6,3.6.4,
P63267,3,3.6,3.6.4,
Q02059,2,2.3,2.3.1,
Q02062,2,2.3,2.3.1,
Q2U7A3,3,3.6,3.6.4,
Q8KP10,3,3.6,3.6.1,3.6.1.13
Q92192,3,3.6,3.6.4,
P86700,3,3.6,3.6.4,
P53499,3,3.6,3.6.4,
O65315,3,3.6,3.6.4,
O17320,3,3.6,3.6.4,
Q01757,6,6.3,6.3.2,6.3.2.26
O62137,1,1.3,1.3.3,
O62139,1,1.3,1.3.3,
Q20992,1,1.3,1.3.3,
Q8RM03,6,6.4,6.4.1,6.4.1.6
Q55DP8,3,3.5,3.5.1,3.5.1.14
Q99JW2,3,3.5,3.5.1,3.5.1.14
Q05910,3,3.4,3.4.24,
Q9NII1,3,3.5,,
O45218,2,2.5,2.5.1,2.5.1.26
B1I493,3,3.1;3.6,3.6.4,3.6.4.12
A4J4E3,3,3.1;3.6,3.6.4,3.6.4.12
B1YKM8,3,3.1;3.6,3.6.4,3.6.4.12
A4IKW7,3,3.1;3.6,3.6.4,3.6.4.12
Q5FJX0,3,3.1;3.6,3.6.4,3.6.4.12
Q1GAA9,3,3.1;3.6,3.6.4,3.6.4.12
A8YVK0,3,3.1;3.6,3.6.4,3.6.4.12
A2RH77,3,3.1;3.6,3.6.4,3.6.4.12
Q8ERW6,3,3.1;3.6,3.6.4,3.6.4.12
Q03D70,3,3.1;3.6,3.6.4,3.6.4.12
B8I2Y3,3,3.1;3.6,3.6.4,3.6.4.12
Q6ANH2,3,3.5,3.5.4,3.5.4.2
O15204,3,3.4,3.4.24,
Q38ZJ0,3,3.5,3.5.4,3.5.4.2
Q2K5M6,3,3.5,3.5.4,3.5.4.2
Q7CUX4,3,3.5,3.5.4,3.5.4.2
Q89H53,3,3.5,3.5.4,3.5.4.2
Q6ANH1,3,3.5,3.5.4,3.5.4.2
Q38V07,3,3.5,3.5.4,3.5.4.2
P30350,1,1.1,1.1.1,1.1.1.1
P06525,1,1.1,1.1.1,1.1.1.1
P41747,1,1.1,1.1.1,1.1.1.1
P43067,1,1.1,1.1.1,1.1.1.1
P48814,1,1.1,1.1.1,1.1.1.1
P23991,1,1.1,1.1.1,1.1.1.1
P86883,1,1.1,1.1.1,1.1.1.1
O30009,2,2.2,2.2.1,2.2.1.10
O67506,2,2.2,2.2.1,2.2.1.10
A6UTT2,2,2.2,2.2.1,2.2.1.10
Q9LEW3,3,3.4,3.4.23,
Q96SZ5,1,1.13,1.13.11,1.13.11.19
Q84P17,6,6.2,6.2.1,
Q9C9G2,6,6.2,6.2.1,
Q9LPK6,6,6.2,6.2.1,
O34508,5,5.1,5.1.1,5.1.1.20
Q7TVN5,2,2.4,2.4.2,2.4.2.46
A0R611,2,2.4,2.4.2,2.4.2.46
O53582,2,2.4,2.4.2,
A0QW28,2,2.4,2.4.2,2.4.2.47
A0QPD4,2,2.4,2.4.2,2.4.2.47
B8NY88,2;6,2.1;6.1,2.1.1;6.1.2,
B8NY85,2,2.1,2.1.1,
Q53H12,2,2.7,2.7.1,2.7.1.107;2.7.1.138;2.7.1.94
Q7ZYJ3,2,2.7,2.7.1,2.7.1.107;2.7.1.138;2.7.1.94
D4GU63,2,2.4,2.4.1,
D4GU70,2,2.7,2.7.7,
Q9YE60,3;4,3.2;4.2,3.2.2;4.2.99,4.2.99.18
Q6M0G7,3;4,3.2;4.2,3.2.2;4.2.99,4.2.99.18
Q9UZY0,3;4,3.2;4.2,3.2.2;4.2.99,4.2.99.18
Q8U2D5,3;4,3.2;4.2,3.2.2;4.2.99,4.2.99.18
Q5JI79,3;4,3.2;4.2,3.2.2;4.2.99,4.2.99.18
P82955,1,1.8,1.8.1,
Q9I6Z2,1,1.8,1.8.1,
O05204,1,1.8,1.8.1,
O06465,1,1.8,1.8.1,
A3LN69,1,1.16,1.16.1,
Q6C188,1,1.16,1.16.1,
C5E4F2,1,1.16,1.16.1,
B7LM79,3,3.1,3.1.3,
A0A0A1H8I4,5,5.3,5.3.3,5.3.3.7
Q8Z543,3,3.1,3.1.3,
Q9SL49,1,1.14,1.14.11,1.14.11.53
Q5T2L2,1,1.1,1.1.1,
P47895,1,1.2,1.2.1,1.2.1.36
P52476,1,1.2,1.2.1,1.2.1.3
P30837,1,1.2,1.2.1,1.2.1.3
Q8R0Y6,1,1.5,1.5.1,1.5.1.6
Q63ZT8,1,1.5,1.5.1,1.5.1.6
Q8K009,1,1.5,1.5.1,1.5.1.6
Q9FDS1,1,1.2,1.2.1,1.2.1.48
Q9ZQI7,2,2.6,2.6.1,
P21300,1,1.1,1.1.1,1.1.1.21
Q5RJP0,1,1.1,1.1.1,1.1.1.21
Q49Z69,1,1.2,1.2.1,1.2.1.3
O08782,1,1.1,1.1.1,1.1.1.21
Q2RXI1,4,4.1,4.1.2,4.1.2.62
Q9UUN9,1,1.1,1.1.1,1.1.1.2
P29271,4,4.1,4.1.2,4.1.2.13
Q8J0N6,4,4.1,4.1.2,4.1.2.13
P50923,4,4.1,4.1.2,4.1.2.13
Q55664,4,4.1,4.1.2,4.1.2.13
P50076,2,2.4,2.4.1,2.4.1.256
Q75B12,2,2.4,2.4.1,2.4.1.131
P53993,2,2.4,2.4.1,2.4.1.131
Q59S72,2,2.4,2.4.1,2.4.1.131
Q7ZW24,2,2.4,2.4.1,2.4.1.131
Q6BVB2,2,2.4,2.4.1,2.4.1.131
Q54DM9,2,2.4,2.4.1,2.4.1.131
Q6CLD6,2,2.4,2.4.1,2.4.1.131
Q8X092,2,2.4,2.4.1,2.4.1.131
O74878,2,2.4,2.4.1,2.4.1.131
Q6C9T3,2,2.4,2.4.1,2.4.1.131
Q887Q6,2,2.3,2.3.1,
O52197,2,2.3,2.3.1,
Q88ND3,2,2.3,2.3.1,
Q9X0Z7,4;5,5.1;4.4,4.4.1;5.1.1,5.1.1.1;5.1.1.3
O50660,4,4.2,4.2.2,4.2.2.3
C1DP89,4,4.2,4.2.2,4.2.2.3
A6V1P7,4,4.2,4.2.2,4.2.2.3
F8W3R9,2,2.7,2.7.10,2.7.10.1
P97793,2,2.7,2.7.10,2.7.10.1
Q9I3J8,3,3.5,3.5.3,3.5.3.4
Q3KFK9,3,3.5,3.5.3,3.5.3.4
A4VP32,3,3.5,3.5.3,3.5.3.4
Q92VC1,3,3.5,3.5.3,3.5.3.4
Q82LL5,3,3.5,3.5.3,3.5.3.4
Q9W6S5,3,3.5,3.5.3,3.5.3.4
P63479,5,5.1,5.1.1,5.1.1.1
P94494,5,5.1,5.1.1,5.1.1.1
Q97DY9,5,5.1,5.1.1,5.1.1.1
O30746,5,5.1,5.1.1,5.1.1.1
Q9HTQ2,5,5.1,5.1.1,5.1.1.1
Q98F05,5,5.1,5.1.1,5.1.1.1
A5D4I1,5,5.1,5.1.1,5.1.1.1
Q9S5V6,5,5.1,5.1.1,5.1.1.1
Q9F9L1,5,5.1,5.1.1,5.1.1.1
Q12H34,5,5.1,5.1.1,5.1.1.1
Q48PY9,5,5.1,5.1.1,5.1.1.1
Q4K3T9,5,5.1,5.1.1,5.1.1.1
B9WZ64,5,5.1,5.1.1,5.1.1.1
A4VQM5,5,5.1,5.1.1,5.1.1.1
P12726,2,2.4,2.4.2,2.4.2.31
Q70FD1,1,1.1,1.1.1,1.1.1.250
P39049,4,4.2,4.2.2,4.2.2.3
P36548,3,3.5,3.5.1,3.5.1.28
P57638,3,3.5,3.5.1,3.5.1.28
Q89A33,3,3.5,3.5.1,3.5.1.28
P44493,3,3.5,3.5.1,3.5.1.28
P63884,3,3.5,3.5.1,3.5.1.28
B8HTK3,3,3.4,3.4.11,3.4.11.1;3.4.11.10
C0QC86,3,3.4,3.4.11,3.4.11.1;3.4.11.10
Q6AJZ3,3,3.4,3.4.11,3.4.11.1;3.4.11.10
A8LI79,3,3.4,3.4.11,3.4.11.1;3.4.11.10
Q02RY8,3,3.4,3.4.11,3.4.11.1;3.4.11.10
C3K6G5,3,3.4,3.4.11,3.4.11.1;3.4.11.10
Q887M0,3,3.4,3.4.11,3.4.11.1;3.4.11.10
A1SRZ1,3,3.4,3.4.11,3.4.11.1;3.4.11.10
P0CL03,3,3.5,3.5.1,3.5.1.28
P15274,3,3.5,3.5.4,3.5.4.6
O25681,3,3.4,3.4.11,
Q32LQ0,3,3.4,3.4.11,3.4.11.7
Q07075,3,3.4,3.4.11,3.4.11.7
Q95334,3,3.4,3.4.11,3.4.11.7
C5PHM7,3,3.4,3.4.11,3.4.11.9
Q96WX8,3,3.4,3.4.11,3.4.11.9
E4ZHV7,3,3.4,3.4.11,3.4.11.9
E9DV56,3,3.4,3.4.11,3.4.11.9
C1H9Q9,3,3.4,3.4.11,3.4.11.9
Q0U6G5,3,3.4,3.4.11,3.4.11.9
B2WMQ2,3,3.4,3.4.11,3.4.11.9
D1ZBF6,3,3.4,3.4.11,3.4.11.9
Q9UXX9,2,2.8,2.8.4,2.8.4.5
Q9RBU1,2,2.1,2.1.4,2.1.4.2
A1DN11,2,2.3,2.3.1,
P54802,3,3.2,3.2.1,3.2.1.50
P80884,3,3.4,3.4.22,3.4.22.31
A9I280,2,2.7,2.7.1,2.7.1.170
A6X3N5,2,2.7,2.7.1,2.7.1.170
Q39JJ7,2,2.7,2.7.1,2.7.1.170
A6UZG7,2,2.7,2.7.1,2.7.1.170
Q4K515,2,2.7,2.7.1,2.7.1.170
Q88QQ4,2,2.7,2.7.1,2.7.1.170
Q3ICY1,2,2.7,2.7.1,2.7.1.170
Q8Y241,2,2.7,2.7.1,2.7.1.170
Q1MG48,2,2.7,2.7.1,2.7.1.170
Q92PK6,2,2.7,2.7.1,2.7.1.170
C0ZSV1,2,2.7,2.7.1,2.7.1.170
Q6N702,2,2.7,2.7.1,2.7.1.170
P16066,4,4.6,4.6.1,4.6.1.2
P18910,4,4.6,4.6.1,4.6.1.2
O85674,1,1.14,1.14.12,1.14.12.1
O85675,1,1.18,1.18.1,1.18.1.3
Q9LLB0,4,4.2,4.2.1,4.2.1.92
O16025,1,1.13,1.13.11,1.13.11.40
Q8P8J2,2,2.1,2.1.3,2.1.3.9
Q39219,1,1.10,1.10.3,1.10.3.11
O82807,1,1.10,1.10.3,1.10.3.11
O23913,1,1.10,1.10.3,1.10.3.11
O22048,1,1.10,1.10.3,1.10.3.11
Q40294,1,1.10,1.10.3,1.10.3.11
Q07185,1,1.10,1.10.3,1.10.3.11
Q5E866,3,3.6,3.6.1,3.6.1.41
Q0AC59,3,3.6,3.6.1,3.6.1.41
Q1LSS3,3,3.6,3.6.1,3.6.1.41
A9I1T6,3,3.6,3.6.1,3.6.1.41
P57242,3,3.6,3.6.1,3.6.1.41
Q89AV3,3,3.6,3.6.1,3.6.1.41
Q46E58,5,5.4,5.4.2,5.4.2.12
P58813,5,5.4,5.4.2,5.4.2.12
Q8PX04,5,5.4,5.4.2,5.4.2.12
Q6LXB3,5,5.4,5.4.2,5.4.2.12
A5UKY4,5,5.4,5.4.2,5.4.2.12
Q2NES7,5,5.4,5.4.2,5.4.2.12
A6UQ84,5,5.4,5.4.2,5.4.2.12
Q9V2M6,5,5.4,5.4.2,5.4.2.12
A4WL27,5,5.4,5.4.2,5.4.2.12
O49196,2,2.7,2.7.1,2.7.1.25
Q84JF0,2,2.7,2.7.1,2.7.1.25
A1Z9X0,2,2.7,2.7.11,2.7.11.13
B0CHX9,2,2.4,2.4.2,2.4.2.7
A2S6D4,2,2.4,2.4.2,2.4.2.7
O31060,2,2.4,2.4.2,2.4.2.7
Q7VKQ4,2,2.4,2.4.2,2.4.2.7
Q0I3U5,2,2.4,2.4.2,2.4.2.7
B8CXF1,2,2.4,2.4.2,2.4.2.7
O25296,2,2.4,2.4.2,2.4.2.7
P07741,2,2.4,2.4.2,2.4.2.7
A3CNR3,2,2.4,2.4.2,2.4.2.7
B9DUP2,2,2.4,2.4.2,2.4.2.7
A6Q809,2,2.4,2.4.2,2.4.2.7
Q3A4N0,2,2.4,2.4.2,2.4.2.7
B1XL39,2,2.4,2.4.2,2.4.2.7
A5GLQ5,2,2.4,2.4.2,2.4.2.7
P08204,2,2.7,2.7.1,2.7.1.16
A4W6G7,2,2.7,2.7.1,2.7.1.16
Q9KBQ3,2,2.7,2.7.1,2.7.1.16
P26819,2,2.7,2.7.11,2.7.11.15
P62330,3,3.6,3.6.5,3.6.5.2
P40711,3,3.1,3.1.1,3.1.1.29
A4SEI5,2,2.7,2.7.2,2.7.2.8
Q1QT79,2,2.7,2.7.2,2.7.2.8
B5ED10,2,2.7,2.7.2,2.7.2.8
Q97GH8,2,2.7,2.7.2,2.7.2.8
Q188A2,2,2.7,2.7.2,2.7.2.8
A0Q1F1,2,2.7,2.7.2,2.7.2.8
Q6NHG8,2,2.7,2.7.2,2.7.2.8
A6L9A0,2,2.7,2.7.2,2.7.2.8
A7HPT7,2,2.7,2.7.2,2.7.2.8
P57908,2,2.7,2.7.2,2.7.2.8
B4S9U8,2,2.7,2.7.2,2.7.2.8
A5D506,2,2.7,2.7.2,2.7.2.8
C0QRI8,2,2.7,2.7.2,2.7.2.8
Q7MYD7,2,2.7,2.7.2,2.7.2.8
A6L013,2,2.7,2.7.2,2.7.2.8
Q7M7Q9,2,2.7,2.7.2,2.7.2.8
Q87EL2,2,2.7,2.7.2,2.7.2.8
Q5NME2,2,2.7,2.7.2,2.7.2.8
P59391,1,1.2,1.2.1,1.2.1.38
Q88QQ6,1,1.2,1.2.1,1.2.1.38
B4S9V0,1,1.2,1.2.1,1.2.1.38
Q7MYD6,1,1.2,1.2.1,1.2.1.38
A6KXY5,1,1.2,1.2.1,1.2.1.38
A9BAE1,1,1.2,1.2.1,1.2.1.38
Q7VBZ8,1,1.2,1.2.1,1.2.1.38
Q46L18,1,1.2,1.2.1,1.2.1.38
Q15X80,1,1.2,1.2.1,1.2.1.38
Q58131,2,2.6,2.6.1,2.6.1.11
O27392,2,2.6,2.6.1,2.6.1.11
Q9CC12,2,2.6,2.6.1,2.6.1.11
P59318,2,2.6,2.6.1,2.6.1.11
Q9P3I3,2,2.6,2.6.1,2.6.1.11
P54752,2,2.6,2.6.1,2.6.1.11
Q7U5R5,2,2.6,2.6.1,2.6.1.11
Q7N9E5,2,2.6,2.6.1,2.6.1.11;2.6.1.17
P59610,2,2.3,2.3.1,2.3.1.1;2.3.1.35
Q62GT9,2,2.3,2.3.1,2.3.1.1;2.3.1.35
Q5AH38,2,2.3,2.3.1,2.3.1.1;2.3.1.35
C5MG55,2,2.3,2.3.1,2.3.1.1;2.3.1.35
Q2HAX7,2,2.3,2.3.1,2.3.1.1;2.3.1.35
Q3ASI6,2,2.3,2.3.1,2.3.1.1;2.3.1.35
Q7P0T8,2,2.3,2.3.1,2.3.1.1;2.3.1.35
Q91554,3,3.5,3.5.3,3.5.3.1
Q65G68,4,4.3,4.3.2,4.3.2.1
O34858,4,4.3,4.3.2,4.3.2.1
A1UQY9,4,4.3,4.3.2,4.3.2.1
B7GTN9,4,4.3,4.3.2,4.3.2.1
Q7WJI7,4,4.3,4.3.2,4.3.2.1
Q3YSS4,4,4.3,4.3.2,4.3.2.1
Q5HBZ4,4,4.3,4.3.2,4.3.2.1
A9B9L0,4,4.3,4.3.2,4.3.2.1
Q7VEK0,4,4.3,4.3.2,4.3.2.1
Q7TV86,4,4.3,4.3.2,4.3.2.1
A2BND8,4,4.3,4.3.2,4.3.2.1
Q15X84,4,4.3,4.3.2,4.3.2.1
Q8ZNF3,2,2.6,2.6.1,2.6.1.87
A8FRR4,2,2.6,2.6.1,2.6.1.87
A1JPP9,2,2.6,2.6.1,2.6.1.87
A8GDR9,2,2.4,2.4.2,2.4.2.43
Q0T2M6,2,2.4,2.4.2,2.4.2.43
A1JPM4,2,2.4,2.4.2,2.4.2.43
Q89WF2,2,2.5,2.5.1,2.5.1.19
A4YJJ3,2,2.5,2.5.1,2.5.1.19
Q8YEG1,2,2.5,2.5.1,2.5.1.19
Q59178,2,2.5,2.5.1,2.5.1.19
Q28UI7,2,2.5,2.5.1,2.5.1.19
B2GLU6,2,2.5,2.5.1,2.5.1.19
Q1IKI5,2,2.5,2.5.1,2.5.1.19
Q88VL2,2,2.5,2.5.1,2.5.1.19
Q5ZVM1,2,2.5,2.5.1,2.5.1.19
Q04U42,2,2.5,2.5.1,2.5.1.19
Q9S400,2,2.5,2.5.1,2.5.1.19
A3CNV3,2,2.5,2.5.1,2.5.1.19
A5ETC5,4,4.2,4.2.3,4.2.3.4
A6WXC7,4,4.2,4.2.3,4.2.3.4
Q8K939,4,4.2,4.2.3,4.2.3.4
Q056Z3,4,4.2,4.2.3,4.2.3.4
C5BGQ4,4,4.2,4.2.3,4.2.3.4
P0DH71,4,4.2,4.2.3,4.2.3.4
B1YI19,4,4.2,4.2.3,4.2.3.4
A0Q706,4,4.2,4.2.3,4.2.3.4
B9DNV1,4,4.2,4.2.3,4.2.3.4
Q4L6G9,4,4.2,4.2.3,4.2.3.4
Q8DYU5,4,4.2,4.2.3,4.2.3.4
Q9KXQ6,4,4.2,4.2.3,4.2.3.4
A9WI34,4,4.2,4.2.3,4.2.3.5
Q3AQF1,4,4.2,4.2.3,4.2.3.5
Q255H5,4,4.2,4.2.3,4.2.3.5
Q3B2Y6,4,4.2,4.2.3,4.2.3.5
B3QMJ7,4,4.2,4.2.3,4.2.3.5
A1BHE5,4,4.2,4.2.3,4.2.3.5
Q9Z6M2,4,4.2,4.2.3,4.2.3.5
Q8KCI9,4,4.2,4.2.3,4.2.3.5
C8WAF3,4,4.2,4.2.3,4.2.3.5
Q5WUE6,4,4.2,4.2.3,4.2.3.5
B0SHV8,4,4.2,4.2.3,4.2.3.5
Q72W01,4,4.2,4.2.3,4.2.3.5
Q03X09,4,4.2,4.2.3,4.2.3.5
Q21IX8,4,4.2,4.2.3,4.2.3.5
Q980I7,4,4.2,4.2.3,4.2.3.5
A4X607,4,4.2,4.2.3,4.2.3.5
Q9PDL0,4,4.2,4.2.3,4.2.3.5
A1JK48,4,4.2,4.2.3,4.2.3.5
Q5NLU3,4,4.2,4.2.3,4.2.3.5
D3U715,4,4.2,4.2.1,4.2.1.91
D3U716,4,4.2,4.2.1,4.2.1.91
A3CNV9,4,4.2,4.2.1,4.2.1.10
Q56S04,1,1.1,1.1.1,1.1.1.25
B0UWV8,1,1.1,1.1.1,1.1.1.25
Q0C6A6,1,1.1,1.1.1,1.1.1.25
A8A8Z7,1,1.1,1.1.1,1.1.1.25
Q28VZ9,1,1.1,1.1.1,1.1.1.25
A2RMH6,1,1.1,1.1.1,1.1.1.25
Q38X88,1,1.1,1.1.1,1.1.1.25
Q5HNV1,1,1.1,1.1.1,1.1.1.25
Q49Y37,1,1.1,1.1.1,1.1.1.25
A8AXZ5,1,1.1,1.1.1,1.1.1.25
Q8DUW3,1,1.1,1.1.1,1.1.1.25
Q04JX1,1,1.1,1.1.1,1.1.1.25
A0LUH0,2,2.7,2.7.1,2.7.1.71
A6VKZ6,2,2.7,2.7.1,2.7.1.71
Q9YEK6,2,2.7,2.7.1,2.7.1.71
A8MFK5,2,2.7,2.7.1,2.7.1.71
O67925,2,2.7,2.7.1,2.7.1.71
Q5P5P2,2,2.7,2.7.1,2.7.1.71
C3P8E3,2,2.7,2.7.1,2.7.1.71
Q6CZQ8,2,2.7,2.7.1,2.7.1.71
C0QR76,2,2.7,2.7.1,2.7.1.71
B4S8Z9,2,2.7,2.7.1,2.7.1.71
Q7VE85,2,2.7,2.7.1,2.7.1.71
Q46HR4,2,2.7,2.7.1,2.7.1.71
A6VDG0,2,2.7,2.7.1,2.7.1.71
Q32JD7,2,2.7,2.7.1,2.7.1.71
A9B3N9,4,4.2,4.2.1,4.2.1.10
Q31II2,4,4.2,4.2.1,4.2.1.10
Q5QVU2,4,4.2,4.2.1,4.2.1.10
Q28PZ5,4,4.2,4.2.1,4.2.1.10
B5XNE4,4,4.2,4.2.1,4.2.1.10
A9KMD8,4,4.2,4.2.1,4.2.1.10
Q46366,7,7.3,7.3.2,7.3.2.7
P15289,3,3.1,3.1.6,3.1.6.8
Q58542,7,7.3,7.3.2,7.3.2.7
Q55794,7,7.3,7.3.2,7.3.2.7
P33727,3,3.1,3.1.6,3.1.6.12
P50430,3,3.1,3.1.6,3.1.6.12
Q91WU5,2,2.1,2.1.1,2.1.1.137
Q8VHT6,2,2.1,2.1.1,2.1.1.137
P83146,4,4.2,4.2.2,
A0A2U8U2L6,1,,,
A0A2U8U2L3,1,1.14,,
A0A2U8U2L0,1,1.14,1.14.13,
H8L902,6,6.3,6.3.1,6.3.1.12
Q10916,3,3.1,3.1.4,3.1.4.12
Q23498,3,3.1,3.1.4,3.1.4.12
Q3ZC91,3,3.1,3.1.4,
P70158,3,3.1,3.1.4,
Q58456,6,6.3,6.3.5,6.3.5.4
P64248,6,6.3,6.3.5,6.3.5.4
P49078,6,6.3,6.3.5,6.3.5.4
Q10MX3,6,6.3,6.3.5,6.3.5.4
P43843,3,3.5,3.5.1,3.5.1.1
P50287,3,3.4,3.4.19,3.4.19.5
Q8GXG1,3,3.4,3.4.19,3.4.19.5
P83451,3,3.5,3.5.1,3.5.1.26
Q21697,3,3.5,3.5.1,3.5.1.26
P06608,3,3.5,3.5.1,3.5.1.1
Q47898,3,3.5,3.5.1,3.5.1.26
O25424,3,3.5,3.5.1,3.5.1.1
P20933,3,3.5,3.5.1,3.5.1.26
Q7VTJ9,6,6.3,6.3.4,6.3.4.5
P59607,6,6.3,6.3.4,6.3.4.5
A4YJX9,6,6.3,6.3.4,6.3.4.5
A6WV13,6,6.3,6.3.4,6.3.4.5
A0LE34,6,6.3,6.3.4,6.3.4.5
Q65SH4,6,6.3,6.3.4,6.3.4.5
A6VVI2,6,6.3,6.3.4,6.3.4.5
Q8TNY5,6,6.3,6.3.4,6.3.4.5
Q12XK3,6,6.3,6.3.4,6.3.4.5
Q1H0L1,6,6.3,6.3.4,6.3.4.5
Q60174,6,6.3,6.3.4,6.3.4.5
P61527,6,6.3,6.3.4,6.3.4.5
A4YI75,6,6.3,6.3.4,6.3.4.5
A4FDS0,6,6.3,6.3.4,6.3.4.5
A8LYQ9,6,6.3,6.3.4,6.3.4.5
O94354,6,6.3,6.3.4,6.3.4.5
A1S264,6,6.3,6.3.4,6.3.4.5
Q9AAL4,3,3.5,3.5.3,3.5.3.23
Q6FCP9,3,3.5,3.5.3,3.5.3.23
Q12QD2,1,1.2,1.2.1,1.2.1.71
Q12JA9,1,1.2,1.2.1,1.2.1.71
A0KN18,1,1.2,1.2.1,1.2.1.71
B6EML5,1,1.2,1.2.1,1.2.1.71
Q2UEK5,1,,,
B4ECZ8,1,1.2,1.2.1,1.2.1.71
Q8ZPU8,3,3.5,3.5.1,3.5.1.96
A1S6A8,3,3.5,3.5.1,3.5.1.96
Q082N5,3,3.5,3.5.1,3.5.1.96
A8H4T0,3,3.5,3.5.1,3.5.1.96
B8CPA0,3,3.5,3.5.1,3.5.1.96
P05025,7,7.2,7.2.2,7.2.2.13
Q0DKA5,2,2.3,2.3.1,
F4JIK2,4,4.2,4.2.1,4.2.1.1
Q9SUB4,4,4.2,4.2.1,4.2.1.1
Q9FM99,4,4.2,4.2.1,4.2.1.1
P47317,7,7.2,7.2.2,
P37278,7,7.2,7.2.2,7.2.2.10
P73241,7,7.2,7.2.2,7.2.2.8
P58342,7,7.2,7.2.2,7.2.2.9
Q9X5X3,7,7.2,7.2.2,7.2.2.9
Q75CI5,2,2.3,2.3.2,
Q6FWS7,2,2.3,2.3.2,
Q55EL2,2,2.3,2.3.2,
Q9H0Y0,2,2.3,2.3.2,
W0TH64,2,2.3,2.3.2,
A7KAI8,2,2.3,2.3.2,
A7TNK5,2,2.3,2.3.2,
P0C034,2,2.3,2.3.2,2.3.2.27
Q9SL78,2,2.3,2.3.2,2.3.2.27
Q9M0C3,2,2.3,2.3.2,2.3.2.27
Q9LSW9,2,2.3,2.3.2,2.3.2.27
Q9SZL4,2,2.3,2.3.2,2.3.2.27
P93823,2,2.3,2.3.2,2.3.2.27
Q9SKK8,2,2.3,2.3.2,2.3.2.27
Q6NKR1,2,2.3,2.3.2,2.3.2.27
O43861,7,7.6,7.6.2,7.6.2.1
P14571,7,7.1,7.1.2,7.1.2.2
Q02848,7,7.1,7.1.2,7.1.2.2
A4QK03,7,7.1,7.1.2,7.1.2.2
Q5P4E4,7,7.1,7.1.2,7.1.2.2
B6YR06,7,7.1,7.1.2,7.1.2.2
Q85FQ8,7,7.1,7.1.2,7.1.2.2
P48080,7,7.1,7.1.2,7.1.2.2
Q11YP1,7,7.1,7.1.2,7.1.2.2
Q3Z8Z4,7,7.1,7.1.2,7.1.2.2
B8FGT6,7,7.1,7.1.2,7.1.2.2
B8J437,7,7.1,7.1.2,7.1.2.2
A8ZU99,7,7.1,7.1.2,7.1.2.2
A4J9A1,7,7.1,7.1.2,7.1.2.2
B3PLV6,7,7.1,7.1.2,7.1.2.2
B8IN03,7,7.1,7.1.2,7.1.2.2
B1LVH1,7,7.1,7.1.2,7.1.2.2
B0JWV1,7,7.1,7.1.2,7.1.2.2
Q09X32,7,7.1,7.1.2,7.1.2.2
B1MLW0,7,7.1,7.1.2,7.1.2.2
Q2S432,7,7.1,7.1.2,7.1.2.2
Q3ZJ00,7,7.1,7.1.2,7.1.2.2
C5CNB3,7,7.1,7.1.2,7.1.2.2
P12985,7,7.1,7.1.2,7.1.2.2
Q0ZJ35,7,7.1,7.1.2,7.1.2.2
Q8D3J5,7,7.1,7.1.2,7.1.2.2
O98766,7,7.1,7.1.2,7.1.2.2
A8HS10,7,7.1,7.1.2,7.1.2.2
A1K1S2,7,7.1,7.1.2,7.1.2.2
B7IQV8,7,7.1,7.1.2,7.1.2.2
A7GV56,7,7.1,7.1.2,7.1.2.2
Q6A8C7,7,7.1,7.1.2,7.1.2.2
Q85FT2,7,7.1,7.1.2,7.1.2.2
P48081,7,7.1,7.1.2,7.1.2.2
Q11Y90,7,7.1,7.1.2,7.1.2.2
Q477Z1,7,7.1,7.1.2,7.1.2.2
B8FGT4,7,7.1,7.1.2,7.1.2.2
Q74K15,7,7.1,7.1.2,7.1.2.2
A9KK92,7,7.1,7.1.2,7.1.2.2
C1D5G2,7,7.1,7.1.2,7.1.2.2
Q1MRB8,7,7.1,7.1.2,7.1.2.2
Q6AG58,7,7.1,7.1.2,7.1.2.2
B0SDA5,7,7.1,7.1.2,7.1.2.2
Q3IK50,7,7.1,7.1.2,7.1.2.2
O03081,7,7.1,7.1.2,7.1.2.2
O03079,7,7.1,7.1.2,7.1.2.2
B3PQ68,7,7.1,7.1.2,7.1.2.2
A5GV55,7,7.1,7.1.2,7.1.2.2
P26527,7,7.1,7.1.2,7.1.2.2
A0T0R6,7,7.1,7.1.2,7.1.2.2
Q47M82,7,7.1,7.1.2,7.1.2.2
Q8DLG8,7,7.1,7.1.2,7.1.2.2
Q3SF66,7,7.1,7.1.2,7.1.2.2
Q58CZ9,2,2.6,2.6.1,2.6.1.5
Q54K95,2,2.6,2.6.1,2.6.1.5
Q02636,2,2.6,2.6.1,2.6.1.5;2.6.1.57
Q6GPL3,2,2.7,2.7.11,2.7.11.1
G3XSI3,1,,,
G3XSI6,2,2.1,2.1.1,
Q9ZP27,3,3.2,3.2.1,3.2.1.188
P21616,7,7.1,7.1.3,7.1.3.1
Q90669,2,2.7,2.7.11,2.7.11.30
P27038,2,2.7,2.7.11,2.7.11.30
P38444,2,2.7,2.7.11,2.7.11.30
Q95126,2,2.7,2.7.11,2.7.11.30
P27040,2,2.7,2.7.11,2.7.11.30
Q7NWH3,1,1.6;1.7,1.6.5;1.7.1,1.7.1.17
A8AGG0,1,1.6;1.7,1.6.5;1.7.1,1.7.1.17
B2TRR9,1,1.6;1.7,1.6.5;1.7.1,1.7.1.17
B5Y659,1,1.6;1.7,1.6.5;1.7.1,1.7.1.17
Q47G91,1,1.6;1.7,1.6.5;1.7.1,1.7.1.17
Q6ALS1,1,1.6;1.7,1.6.5;1.7.1,1.7.1.17
Q8X9S9,1,1.6;1.7,1.6.5;1.7.1,1.7.1.17
Q48JI0,1,1.6;1.7,1.6.5;1.7.1,1.7.1.17
Q4ZS35,1,1.6;1.7,1.6.5;1.7.1,1.7.1.17
Q8XQG9,1,1.6;1.7,1.6.5;1.7.1,1.7.1.17
Q92QI7,1,1.6;1.7,1.6.5;1.7.1,1.7.1.17
Q215Z0,1,1.6;1.7,1.6.5;1.7.1,1.7.1.17
B8I799,1,1.6;1.7,1.6.5;1.7.1,1.7.1.17
Q5PHS8,1,1.6;1.7,1.6.5;1.7.1,1.7.1.17
Q5M900,2,2.4,2.4.1,2.4.1.313
Q8BHT6,2,2.4,2.4.1,
Q9Z222,2,2.4,2.4.1,2.4.1.149
Q5JCS9,2,2.4,2.4.1,2.4.1.146;2.4.1.149
Q1RLK6,2,2.4,2.4.1,2.4.1.149
Q8BGY6,2,2.4,2.4.1,2.4.1.206
Q6P3P5,2,2.4,2.4.1,2.4.1.206
Q3USF0,2,2.4,2.4.1,2.4.1.147
Q8K0J2,2,2.4,2.4.1,
P39643,2,2.6,2.6.1,
Q6ZUV0,3,3.1,3.1.2,3.1.2.2
Q91V12,3,3.1,3.1.2,3.1.2.2
Q52VH2,3,3.4,3.4.11,3.4.11.25
Q9LT17,2,2.3,2.3.2,2.3.2.27
K7QKH1,2,2.6,2.6.1,2.6.1.42
P54690,2,2.6,2.6.1,2.6.1.42
Q9M439,2,2.6,2.6.1,2.6.1.42
O15382,2,2.6,2.6.1,2.6.1.42
O19098,2,2.6,2.6.1,2.6.1.42
Q9M401,2,2.6,2.6.1,2.6.1.42
Q9FYA6,2,2.6,2.6.1,2.6.1.42
P54688,2,2.6,2.6.1,2.6.1.42
B4S591,1,1.3,1.3.7,1.3.7.7
B6ITW5,1,1.3,1.3.7,1.3.7.7
Q6N9K0,1,1.3,1.3.7,1.3.7.7
Q16DS2,1,1.3,1.3.7,1.3.7.7
Q9JPA5,1,1.3,1.3.7,1.3.7.7
P26236,2,2.1,2.1.1,2.1.1.11
A4YNP1,1,1.3,1.3.7,1.3.7.7
Q48230,1;2,1.1;2.7,1.1.1;2.7.7,1.1.1.405;2.7.7.40
P19449,2,2.4,2.4.1,2.4.1.12
Q9WX61,2,2.4,2.4.1,2.4.1.12
P54157,2,2.3,2.3.1,2.3.1.74
P37653,2,2.4,2.4.1,2.4.1.12
P58931,2,2.4,2.4.1,2.4.1.12
Q93IN2,2,2.4,2.4.1,2.4.1.12
Q8FKI9,1,1.1;1.2,1.1.99;1.2.1,1.1.99.1;1.2.1.8
Q0INM3,3,3.2,3.2.1,3.2.1.23
Q93Z24,3,3.2,3.2.1,3.2.1.23
A1A3T0,3,3.2,3.2.1,3.2.1.23
Q44233,3,3.2,3.2.1,3.2.1.23
O31529,3,3.2,3.2.1,3.2.1.23
Q47077,3,3.2,3.2.1,3.2.1.23
P06219,3,3.2,3.2.1,3.2.1.23
Q8RUV9,3,3.2,3.2.1,3.2.1.23
C7ASJ5,3,3.2,3.2.1,3.2.1.23
B9FHH2,3,3.2,3.2.1,3.2.1.21
Q60DY1,3,3.2,3.2.1,3.2.1.21
Q9SR37,3,3.2,3.2.1,3.2.1.21
Q9LKR7,3,3.2,3.2.1,3.2.1.21
Q0DA21,3,3.2,3.2.1,3.2.1.21
A3BMZ5,3,3.2,3.2.1,3.2.1.21
Q84YK7,3,3.2,3.2.1,3.2.1.21
Q7EXZ4,3,3.2,3.2.1,3.2.1.21
A3C053,3,3.2,3.2.1,3.2.1.21
O48814,2,2.7,2.7.11,2.7.11.1
Q5SHZ8,2,2.3,2.3.1,2.3.1.29;2.3.1.47
J9VHN6,1,1.14,1.14.99,
Q8FUD1,2,2.8,2.8.1,2.8.1.6
Q4JWG3,2,2.8,2.8.1,2.8.1.6
B6J725,2,2.8,2.8.1,2.8.1.6
Q1LS73,2,2.8,2.8.1,2.8.1.6
Q6A7V7,2,2.8,2.8.1,2.8.1.6
Q11S94,2,2.8,2.8.1,2.8.1.6
B4S690,2,2.8,2.8.1,2.8.1.6
A9BB12,2,2.8,2.8.1,2.8.1.6
Q7VBJ0,2,2.8,2.8.1,2.8.1.6
Q7V6T8,2,2.8,2.8.1,2.8.1.6
Q15SR5,2,2.8,2.8.1,2.8.1.6
A5F2H3,2,2.8,2.8.1,2.8.1.6
Q7M8P7,2,2.8,2.8.1,2.8.1.6
A7IEC3,2,2.8,2.8.1,2.8.1.6
Q9A7Z2,6,6.3,6.3.3,6.3.3.3
Q5L5F7,6,6.3,6.3.3,6.3.3.3
Q9Z6L7,6,6.3,6.3.3,6.3.3.3
Q1QYD9,6,6.3,6.3.3,6.3.3.3
C3KZ35,6,6.3,6.3.3,6.3.3.3
C1FR34,6,6.3,6.3.3,6.3.3.3
A0KIC7,2,2.3,2.3.1,2.3.1.47
Q0VMD1,2,2.3,2.3.1,2.3.1.47
Q0A5W2,2,2.3,2.3.1,2.3.1.47
A6TU88,2,2.3,2.3.1,2.3.1.47
Q2IF62,2,2.3,2.3.1,2.3.1.47
B7GHW7,2,2.3,2.3.1,2.3.1.47
Q8GW43,2,2.3,2.3.1,2.3.1.47;2.3.1.50
A1K6Q1,2,2.3,2.3.1,2.3.1.47
Q7MLU9,2,2.3,2.3.1,2.3.1.47
A1JS67,2,2.3,2.3.1,2.3.1.47
O07631,3,3.6,3.6.5,
Q89AC9,3,3.6,3.6.5,
O25225,3,3.6,3.6.5,
H9L427,3,3.6,3.6.5,
Q06316,3,3.5,3.5.2,3.5.2.6
P00809,3,3.5,3.5.2,3.5.2.6
P39824,3,3.5,3.5.2,3.5.2.6
P22390,3,3.5,3.5.2,3.5.2.6
P05192,3,3.5,3.5.2,3.5.2.6
Q9EZQ7,3,3.5,3.5.2,3.5.2.6
P30899,3,3.5,3.5.2,3.5.2.6
Q5ABT8,2,2.4,2.4.1,
Q5ALW2,2,2.4,2.4.1,
O94480,2,2.1,2.1.1,
Q12291,2,2.1,2.1.1,2.1.1.312
Q5AEC6,2,2.4,2.4.1,
Q5AMH3,2,2.4,2.4.1,
O75936,1,1.14,1.14.11,1.14.11.1
P80193,1,1.14,1.14.11,1.14.11.1
Q9QZU7,1,1.14,1.14.11,1.14.11.1
G0Y287,1;2,2.5,2.5.1,2.5.1.21
Q6WP49,1,,,
B2RML6,1,,,
B2RML5,2,2.3,2.3.1,
A6X1Z7,2,2.3,2.3.2,2.3.2.29
A7INB9,2,2.3,2.3.2,2.3.2.29
Q6ZLD3,2,2.1,2.1.1,2.1.1.295
Q9LY74,2,2.1,2.1.1,2.1.1.295
E5KGE0,2,2.3,2.3.2,2.3.2.27
Q6ZCZ2,2,2.7,2.7.11,2.7.11.1
D1MX85,1,,,
D1MX86,1,,,
A0M3K2,6,,,
B0TAU6,6,,,
B1HPX8,6,,,
B2A252,6,,,
B4SEQ2,6,,,
Q2S0P5,6,,,
Q2FZ98,6,,,
Q9UT41,3,3.1,,
P43571,3,3.1,,
O67791,3,3.1,3.1.3,3.1.3.11;3.1.3.25
Q57573,3,3.1,3.1.3,3.1.3.11;3.1.3.25
A0A061FMF5,2,2.1,2.1.1,2.1.1.159
A0A061FKM4,2,2.1,2.1.1,2.1.1.159
P0AD15,2,2.7,2.7.13,2.7.13.3
A7MVV6,7,7.6,7.6.2,7.6.2.8
Q87Q38,7,7.6,7.6.2,7.6.2.8
Q7MLE6,7,7.6,7.6.2,7.6.2.8
A1JPQ1,7,7.6,7.6.2,7.6.2.8
P06610,1,1.11,1.11.1,1.11.1.24;1.11.1.9
Q03248,3,3.5,3.5.1,3.5.1.6
Q4WTN5,2,2.7,2.7.11,2.7.11.22;2.7.11.23
Q6FQ83,2,2.7,2.7.11,2.7.11.22;2.7.11.23
Q96VK3,2,2.7,2.7.11,2.7.11.22;2.7.11.23
Q6CRA9,2,2.7,2.7.11,2.7.11.22;2.7.11.23
Q6C842,2,2.7,2.7.11,2.7.11.22;2.7.11.23
P51853,4,4.1,4.1.2,4.1.2.38
Q08BL3,2,2.4,2.4.1,2.4.1.122
O64697,1,1.14,1.14.19,1.14.19.41
Q9ZV28,1,1.14,1.14.19,1.14.19.41
A0A068Q721,1,1.14,,
A0A068Q5V6,1,1.14,1.14.14,
A0A140JWM8,1,1.14,1.14.14,
Q50LH4,1,1.14,1.14.19,1.14.19.64;1.14.19.68
Q948Y1,1,1.14,1.14.19,1.14.19.68
L7T8H2,1,1.14,1.14.19,
B1NF19,1,1.14,1.14.19,1.14.19.64;1.14.19.68
H2DH16,1,1.14,1.14.14,
I7CT85,1,1.14,1.14.14,1.14.14.121
Q2MJ19,1,1.14,1.14.14,
A0A0U2U8U5,1,1.14,1.14.14,
F8S1H3,1,1.14,1.14.14,1.14.14.168
X2JE85,1,1.14,1.14.14,1.14.14.150
H2DH20,1,1.14,1.14.14,
A0A165U5Z9,1,1.14,1.14.14,
A6YIH8,1,1.14,1.14.14,1.14.14.151
G3CCC1,4,4.2,4.2.3,
Q9Z7E5,1,,,
P54721,1,1.13,1.13.11,1.13.11.2
Q9CAI3,1,1.1,1.1.1,1.1.1.195
I1ZHA5,4,4.2,4.2.3,
P00917,4,4.2,4.2.1,4.2.1.1
B3A0P2,4,4.2,4.2.1,4.2.1.1
P13634,4,4.2,4.2.1,4.2.1.1
P48282,4,4.2,4.2.1,4.2.1.1
P07630,4,4.2,4.2.1,4.2.1.1
P00918,4,4.2,4.2.1,4.2.1.1;4.2.1.69
P0CU81,2,2.3,2.3.1,
A0A1V6PAP3,1,,,
Q3B724,2,2.4,2.4.1,2.4.1.34
Q9SHJ3,2,2.4,2.4.1,2.4.1.34
Q9SFU6,2,2.4,2.4.1,2.4.1.34
Q9S9U0,2,2.4,2.4.1,2.4.1.34
O15484,3,3.4,3.4.22,
Q8R4C0,3,3.4,3.4.22,
Q9Y6W3,3,3.4,3.4.22,
Q78EJ9,3,3.4,3.4.22,3.4.22.53
Q9D805,3,3.4,3.4.22,
Q11002,3,3.4,3.4.22,
B7VLL5,4,4.1,4.1.1,4.1.1.31
Q87L54,4,4.1,4.1.1,4.1.1.31
Q3BXC4,4,4.1,4.1.1,4.1.1.31
P57245,6,6.3,6.3.5,6.3.5.5
P59576,6,6.3,6.3.5,6.3.5.5
Q9PMG8,6,6.3,6.3.5,6.3.5.5
Q6FQ30,6,6.3,6.3.5,6.3.5.5
Q2H132,6,6.3,6.3.5,6.3.5.5
Q97FT2,6,6.3,6.3.5,6.3.5.5
Q1DUF5,6,6.3,6.3.5,6.3.5.5
Q8FT41,6,6.3,6.3.5,6.3.5.5
Q6C9Y4,6,6.3,6.3.5,6.3.5.5
Q8ZIL5,6,6.3,6.3.5,6.3.5.5
O67869,6,6.3,6.3.5,6.3.5.5
Q8TWX0,6,6.3,6.3.5,6.3.5.5
Q58776,6,6.3,6.3.5,6.3.5.5
C1F1S6,6,6.3,6.3.5,6.3.5.5
Q42601,6,6.3,6.3.5,6.3.5.5
A0JX72,6,6.3,6.3.5,6.3.5.5
Q88DU6,6,6.3,6.3.5,6.3.5.5
Q8ZY48,6,6.3,6.3.5,6.3.5.5
Q8XZ83,6,6.3,6.3.5,6.3.5.5
Q98I87,6,6.3,6.3.5,6.3.5.5
Q7UJ58,6,6.3,6.3.5,6.3.5.5
Q59969,6,6.3,6.3.5,6.3.5.5
Q59VH7,3,3.4,3.4.23,3.4.23.24
Q5AEM6,3,3.4,3.4.23,3.4.23.24
Q59SU1,3,3.4,3.4.23,3.4.23.24
O42630,3,3.4,3.4.23,3.4.23.20;3.4.23.25
Q00663,3,3.4,3.4.23,3.4.23.24
P17576,3,3.4,3.4.23,3.4.23.29
Q01294,3,3.4,3.4.23,
O13340,3,3.4,3.4.23,
Q97Y96,3,3.1,,
Q97WV8,3,3.1,,
Q1RE32,3,3.1,,
D4GQN4,3,3.1,,
Q1CW45,3,3.1,,
P70343,3,3.4,3.4.22,3.4.22.64
Q9PT92,1,1.11,1.11.1,1.11.1.6
Q9ZN99,1,1.11,1.11.1,1.11.1.6
P17336,1,1.11,1.11.1,1.11.1.6
Q9PWF7,1,1.11,1.11.1,1.11.1.6
P45739,1,1.11,1.11.1,1.11.1.6
P04040,1,1.11,1.11.1,1.11.1.6
P30265,1,1.11,1.11.1,1.11.1.6
O93662,1,1.11,1.11.1,1.11.1.6
Q09093,3,3.4,3.4.22,3.4.22.15
P25773,3,3.4,3.4.22,3.4.22.15
P06797,3,3.4,3.4.22,3.4.22.15
Q10991,3,3.4,3.4.22,3.4.22.15
P80342,3,3.4,3.4.22,3.4.22.15
O60911,3,3.4,3.4.22,3.4.22.43
P80532,3,3.4,3.4.22,3.4.22.15
P80533,3,3.4,3.4.22,
O17473,3,3.4,3.4.22,3.4.22.15;3.4.22.38
Q180S8,2,2.1,2.1.1,2.1.1.195
A0Q345,2,2.1,2.1.1,2.1.1.195
Q897K1,2,2.1,2.1.1,2.1.1.195
Q47FE4,2,2.1,2.1.1,2.1.1.195
Q6ARS6,2,2.1,2.1.1,2.1.1.195
C5BFT8,2,2.1,2.1.1,2.1.1.195
B9M7V0,2,2.1,2.1.1,2.1.1.195
Q97A63,2,2.1,2.1.1,2.1.1.195
P61987,2,2.1,2.1.1,2.1.1.195
P0A2H2,2,2.1,2.1.1,2.1.1.289
Q58973,2,2.1,2.1.1,2.1.1.271
Q58544,3,3.7,3.7.1,3.7.1.12
Q05631,3,3.7,3.7.1,3.7.1.12
O27454,2,2.1,2.1.1,
Q2KIG3,3,3.4,3.4.17,3.4.17.20
Q9EQV9,3,3.4,3.4.17,3.4.17.20
Q3T905,3,3.4,3.4.17,3.4.17.2
O76373,3,3.4,3.4.17,
Q4U2V3,3,3.4,3.4.17,3.4.17.24
Q641K1,3,3.4,3.4.17,3.4.17.24
A6H8T7,3,3.4,3.4.17,
Q4R632,3,3.4,3.4.17,
Q7MBF4,2;3,2.7;3.1,2.7.7;3.1.3;3.1.4,2.7.7.72
Q1LS11,2;3,2.7;3.1,2.7.7;3.1.3;3.1.4,2.7.7.72
Q476S9,2;3,2.7;3.1,2.7.7;3.1.3;3.1.4,2.7.7.72
Q477X0,2;3,2.7;3.1,2.7.7;3.1.3;3.1.4,2.7.7.72
Q8ZLY4,2;3,2.7;3.1,2.7.7;3.1.3;3.1.4,2.7.7.72
Q12KC4,2;3,2.7;3.1,2.7.7;3.1.3;3.1.4,2.7.7.72
M4ISH2,6,6.2,6.2.1,
Q2VZJ1,7,7.6,7.6.2,7.6.2.5
Q0AKQ2,7,7.6,7.6.2,7.6.2.5
Q82WC8,7,7.6,7.6.2,7.6.2.5
Q2Y9Q1,7,7.6,7.6.2,7.6.2.5
Q3SVV2,7,7.6,7.6.2,7.6.2.5
P52218,7,7.6,7.6.2,7.6.2.5
Q9CPN2,7,7.6,7.6.2,7.6.2.5
Q6LTL7,7,7.6,7.6.2,7.6.2.5
Q9I3N7,7,7.6,7.6.2,7.6.2.5
